ID	Chr	Start	End	Ref	Alt	Symbol	Location	Type	Impact	Ref_num	Alt_num	Gnomad	CHIP	MAF	ApoE	Age	Gender	MMSE	Cogdx	Cogdx2	Batch
AD_002_S66	2	25464490	25464490	C	T	DNMT3A	exonic	nonsynonymous	deleterious	826	8	0	TRUE	0.00959232613908873	33	78	Female	21	AD	AD	Batch1+2
AD_002_S66	2	25468145	25468145	C	T	DNMT3A	exonic	nonsynonymous	deleterious	354	4	0	FALSE	0.0111731843575419	33	78	Female	21	AD	AD	Batch1+2
AD_005_S68	2	25464515	25464515	A	T	DNMT3A	exonic	stopgain	deleterious	1278	6	0	TRUE	0.00467289719626168	33	85	Female	21	AD	AD	Batch1+2
AD_006_S2	2	25464478	25464478	C	T	DNMT3A	exonic	nonsynonymous	deleterious	434	6	0	FALSE	0.0136363636363636	33	76	Female	24	AD	AD	Batch3
AD_010_S69	20	31021250	31021250	C	T	ASXL1	exonic	stopgain	deleterious	641	6	3.229e-05	TRUE	0.00927357032457496	33	83	Female	22	AD	AD	Batch1+2
AD_010_S69	19	42798379	42798379	G	A	CIC	exonic	nonsynonymous	deleterious	483	4	0	FALSE	0.0082135523613963	33	83	Female	22	AD	AD	Batch1+2
AD_010_S69	17	7577121	7577121	G	A	TP53	exonic	nonsynonymous	deleterious	194	4	0	TRUE	0.0202020202020202	33	83	Female	22	AD	AD	Batch1+2
AD_010_S69	17	58740520	58740520	A	T	PPM1D	exonic	nonsynonymous	neutral	310	14	0	TRUE	0.0432098765432099	33	83	Female	22	AD	AD	Batch1+2
AD_011_S70	7	151962200	151962200	C	T	KMT2C	exonic	nonsynonymous	neutral	2249	120	0	FALSE	0.0506542845082313	34	76	Female	10	AD	AD	Batch1+2
AD_011_S70	19	17953966	17953966	C	G	JAK3	exonic	nonsynonymous	neutral	202	5	0	FALSE	0.0241545893719807	34	76	Female	10	AD	AD	Batch1+2
AD_019_S74	2	25464528	25464528	G	A	DNMT3A	exonic	nonsynonymous	deleterious	1079	6	0	FALSE	0.00552995391705069	33	88	Female	11	AD	AD	Batch1+2
AD_019_S74	12	49420121	49420121	A	G	KMT2D	exonic	nonsynonymous	deleterious	1266	9	0	FALSE	0.00705882352941176	33	88	Female	11	AD	AD	Batch1+2
AD_019_S74	2	25467136	25467136	G	A	DNMT3A	exonic	nonsynonymous	deleterious	591	6	3.23e-05	TRUE	0.0100502512562814	33	88	Female	11	AD	AD	Batch1+2
AD_019_S74	X	66765801	66765801	A	T	AR	exonic	synonymous	neutral	988	6	0	FALSE	0.00603621730382294	33	88	Female	11	AD	AD	Batch1+2
AD_023_S77	2	25457159	25457159	C	G	DNMT3A	exonic	nonsynonymous	deleterious	619	4	0	TRUE	0.00642054574638844	33	89	Female	15	AD	AD	Batch1+2
AD_023_S77	15	90195988	90195988	G	A	KIF7	exonic	synonymous	neutral	1834	4	6.46e-05	FALSE	0.00217627856365615	33	89	Female	15	AD	AD	Batch1+2
AD_031_S81	2	25464481	25464481	G	A	DNMT3A	exonic	stopgain	deleterious	879	10	0	TRUE	0.0112485939257593	33	78	Female	18	AD	AD	Batch1+2
AD_033_S82	3	52685870	52685870	C	A	PBRM1	intronic	NA	neutral	342	4	0	FALSE	0.0115606936416185	34	76	Female	21	AD	AD	Batch1+2
AD_033_S82	16	74908184	74908184	T	A	WDR59	exonic	nonsynonymous	neutral	2090	5	0	FALSE	0.00238663484486874	34	76	Female	21	AD	AD	Batch1+2
AD_033_S82	8	144947223	144947223	G	A	EPPK1	exonic	nonsynonymous	neutral	214	11	0	FALSE	0.0488888888888889	34	76	Female	21	AD	AD	Batch1+2
AD_033_S82	2	25463289	25463289	T	C	DNMT3A	exonic	nonsynonymous	deleterious	646	4	3.232e-05	TRUE	0.00615384615384615	34	76	Female	21	AD	AD	Batch1+2
AD_033_S82	2	25463182	25463182	G	A	DNMT3A	exonic	stopgain	deleterious	957	8	0	TRUE	0.00829015544041451	34	76	Female	21	AD	AD	Batch1+2
AD_033_S82	7	151860485	151860485	C	T	KMT2C	exonic	nonsynonymous	deleterious	1452	4	0	FALSE	0.00274725274725275	34	76	Female	21	AD	AD	Batch1+2
AD_033_S82	10	115540480	115540480	C	T	PLEKHS1	exonic	synonymous	neutral	1030	5	0	FALSE	0.00483091787439614	34	76	Female	21	AD	AD	Batch1+2
AD_033_S82	17	66519951	66519951	A	T	PRKAR1A	exonic	nonsynonymous	deleterious	1120	4	0	FALSE	0.00355871886120996	34	76	Female	21	AD	AD	Batch1+2
AD_035_S84	X	132887903	132887903	T	C	GPC3	exonic	nonsynonymous	deleterious	382	8	0	FALSE	0.0205128205128205	33	86	Female	20	AD	AD	Batch1+2
AD_035_S84	4	55971066	55971066	C	T	KDR	exonic	synonymous	neutral	475	5	0	FALSE	0.0104166666666667	33	86	Female	20	AD	AD	Batch1+2
AD_044_S89	2	198267483	198267483	C	A	SF3B1	exonic	nonsynonymous	deleterious	326	56	0	TRUE	0.146596858638743	34	73	Female	22	AD	AD	Batch1+2
AD_046_S90	2	25464534	25464534	T	C	DNMT3A	exonic	nonsynonymous	deleterious	377	6	0	TRUE	0.0156657963446475	33	82	Female	22	AD	AD	Batch1+2
AD_047_S91	1	93297626	93297626	C	A	RPL5	UTR5	NA	neutral	340	10	0	FALSE	0.0285714285714286	34	76	Male	22	AD	AD	Batch1+2
AD_047_S91	15	90188576	90188576	C	A	KIF7	exonic	nonsynonymous	deleterious	1226	4	0	FALSE	0.0032520325203252	34	76	Male	22	AD	AD	Batch1+2
AD_050_S26	16	74942828	74942828	A	G	WDR59	exonic	nonsynonymous	neutral	440	29	9.711e-05	FALSE	0.0618336886993603	34	72	Female	23	AD	AD	Batch1+2
AD_053_S94	4	55161332	55161332	A	G	PDGFRA	exonic	nonsynonymous	deleterious	897	4	0	FALSE	0.00443951165371809	34	80	Male	20	AD	AD	Batch1+2
AD_058_S96	16	74955884	74955884	C	G	WDR59	exonic	nonsynonymous	deleterious	757	12	0	FALSE	0.0156046814044213	33	88	Female	20	AD	AD	Batch1+2
AD_058_S96	7	55259451	55259451	G	A	EGFR	exonic	nonsynonymous	deleterious	753	5	0	FALSE	0.00659630606860158	33	88	Female	20	AD	AD	Batch1+2
AD_058_S96	5	1278779	1278779	C	T	TERT	exonic	nonsynonymous	neutral	1267	36	0	FALSE	0.0276285495011512	33	88	Female	20	AD	AD	Batch1+2
AD_061_S97	5	170827953	170827953	G	C	NPM1	intronic	NA	neutral	88	34	0	FALSE	0.278688524590164	34	81	Female	22	AD	AD	Batch1+2
AD_061_S97	9	133738236	133738236	G	A	ABL1	exonic	synonymous	neutral	1379	7	3.232e-05	FALSE	0.00505050505050505	34	81	Female	22	AD	AD	Batch1+2
AD_061_S97	22	23524230	23524230	C	A	BCR	exonic	synonymous	neutral	1497	4	0	FALSE	0.00266489007328448	34	81	Female	22	AD	AD	Batch1+2
AD_061_S97	12	121426656	121426656	C	T	HNF1A	exonic	nonsynonymous	deleterious	1435	4	0	FALSE	0.00277970813064628	34	81	Female	22	AD	AD	Batch1+2
AD_063_S98	11	108205760	108205760	T	C	ATM	exonic	nonsynonymous	deleterious	405	33	0	FALSE	0.0753424657534247	33	88	Female	19	AD	AD	Batch1+2
AD_063_S98	1	1737915	1737915	T	C	GNB1	exonic	nonsynonymous	deleterious	360	6	0	FALSE	0.0163934426229508	33	88	Female	19	AD	AD	Batch1+2
AD_063_S98	1	43812445	43812445	C	T	MPL	intronic	NA	neutral	532	144	0	FALSE	0.21301775147929	33	88	Female	19	AD	AD	Batch1+2
AD_063_S98	11	119149251	119149251	G	A	CBL	exonic	nonsynonymous	deleterious	387	6	0	TRUE	0.0152671755725191	33	88	Female	19	AD	AD	Batch1+2
AD_063_S98	4	106196521	106196521	C	A	TET2	exonic	stopgain	deleterious	572	114	0	TRUE	0.166180758017493	33	88	Female	19	AD	AD	Batch1+2
AD_063_S98	19	3110297	3110297	C	T	GNA11	exonic	nonsynonymous	neutral	509	22	6.465e-05	FALSE	0.0414312617702448	33	88	Female	19	AD	AD	Batch1+2
AD_066_S14	4	106180876	106180876	A	G	TET2	exonic	nonsynonymous	deleterious	513	11	0	TRUE	0.0209923664122137	34	77	Female	시행불가	AD	AD	Batch3
AD_066_S14	7	151921539	151921539	C	A	KMT2C	exonic	stopgain	deleterious	336	4	0	FALSE	0.0117647058823529	34	77	Female	시행불가	AD	AD	Batch3
AD_066_S14	7	42004208	42004208	G	C	GLI3	exonic	nonsynonymous	deleterious	857	36	0	FALSE	0.0403135498320269	34	77	Female	시행불가	AD	AD	Batch3
AD_066_S14	2	48033654	48033654	T	G	MSH6	exonic	nonsynonymous	deleterious	404	4	0	FALSE	0.00980392156862745	34	77	Female	시행불가	AD	AD	Batch3
AD_066_S14	2	25457216	25457216	G	A	DNMT3A	exonic	nonsynonymous	deleterious	478	8	0	FALSE	0.0164609053497942	34	77	Female	시행불가	AD	AD	Batch3
AD_067_S100	7	151845230	151845230	C	G	KMT2C	exonic	nonsynonymous	deleterious	1555	5	0	FALSE	0.00320512820512821	33	70	Female	21	AD	AD	Batch1+2
AD_067_S100	12	58145091	58145091	G	A	CDK4	exonic	nonsynonymous	deleterious	1510	6	0	FALSE	0.00395778364116095	33	70	Female	21	AD	AD	Batch1+2
AD_067_S100	3	47165764	47165764	C	T	SETD2	exonic	nonsynonymous	deleterious	1133	6	0	FALSE	0.00526777875329236	33	70	Female	21	AD	AD	Batch1+2
AD_072_S102	4	106190861	106190861	A	G	TET2	exonic	nonsynonymous	deleterious	945	19	0	TRUE	0.0197095435684647	34	74	Female	20	AD	AD	Batch1+2
AD_072_S102	2	212288968	212288968	C	T	ERBB4	exonic	synonymous	neutral	432	33	0	FALSE	0.0709677419354839	34	74	Female	20	AD	AD	Batch1+2
AD_078_S105	20	57415452	57415452	C	A	GNAS	exonic	synonymous	neutral	979	4	0	FALSE	0.00406917599186165	33	73	Female	11	AD	AD	Batch1+2
AD_078_S105	2	29519886	29519886	C	A	ALK	exonic	nonsynonymous	deleterious	1029	4	0	FALSE	0.00387221684414327	33	73	Female	11	AD	AD	Batch1+2
AD_082_S107	3	10357057	10357057	T	G	SEC13	exonic	nonsynonymous	deleterious	406	4	0	FALSE	0.00975609756097561	34	78	Female	16	AD	AD	Batch1+2
AD_082_S107	20	31021497	31021497	G	C	ASXL1	exonic	nonsynonymous	neutral	748	8	0	FALSE	0.0105820105820106	34	78	Female	16	AD	AD	Batch1+2
AD_082_S107	20	51870649	51870649	C	T	TSHZ2	exonic	stopgain	deleterious	1091	5	0	FALSE	0.00456204379562044	34	78	Female	16	AD	AD	Batch1+2
AD_086_S20	8	144941003	144941003	A	C	EPPK1	exonic	nonsynonymous	neutral	1294	10	0	FALSE	0.00766871165644172	44	77	Female	18	AD	AD	Batch3
AD_087_S109	22	30054314	30054314	T	G	NF2	intronic	NA	neutral	259	4	0	FALSE	0.0152091254752852	34	76	Female	22	AD	AD	Batch1+2
AD_087_S109	3	37035132	37035132	A	G	MLH1	exonic	nonsynonymous	neutral	540	4	3.229e-05	FALSE	0.00735294117647059	34	76	Female	22	AD	AD	Batch1+2
AD_087_S109	17	40379508	40379508	G	T	STAT5B	intronic	NA	neutral	273	4	0	FALSE	0.0144404332129964	34	76	Female	22	AD	AD	Batch1+2
AD_101_S115	14	105239378	105239378	C	T	AKT1	exonic	nonsynonymous	deleterious	789	4	0	FALSE	0.00504413619167718	34	86	Female	15	AD	AD	Batch1+2
AD_101_S115	9	133759976	133759976	G	A	ABL1	exonic	nonsynonymous	neutral	909	5	0	FALSE	0.00547045951859956	34	86	Female	15	AD	AD	Batch1+2
AD_101_S115	16	74942828	74942828	A	G	WDR59	exonic	nonsynonymous	neutral	524	44	9.711e-05	FALSE	0.0774647887323944	34	86	Female	15	AD	AD	Batch1+2
AD_103_S117	8	144940278	144940278	C	T	EPPK1	exonic	nonsynonymous	deleterious	1706	104	0	FALSE	0.0574585635359116	33	73	Female	20	AD	AD	Batch1+2
AD_105_S26	1	115258744	115258744	C	A	NRAS	exonic	nonsynonymous	deleterious	769	18	0	TRUE	0.0228716645489199	34	85	Male	25	AD	AD	Batch3
AD_107_S28	2	25469981	25469981	A	C	DNMT3A	exonic	nonsynonymous	deleterious	742	6	0	FALSE	0.00802139037433155	44	81	Male	15	AD	AD	Batch3
AD_123_S122	2	25470491	25470491	A	G	DNMT3A	exonic	nonsynonymous	deleterious	1127	29	0	TRUE	0.0250865051903114	33	75	Female	17	AD	AD	Batch1+2
AD_125_S34	4	55979484	55979484	A	G	KDR	exonic	synonymous	neutral	271	4	0	FALSE	0.0145454545454545	33	71	Female	24	AD	AD	Batch3
AD_125_S34	2	25470545	25470545	A	T	DNMT3A	exonic	nonsynonymous	deleterious	2553	7	0	FALSE	0.002734375	33	71	Female	24	AD	AD	Batch3
AD_125_S34	19	47109101	47109101	G	T	CALM3	exonic	nonsynonymous	deleterious	1606	4	0	FALSE	0.00248447204968944	33	71	Female	24	AD	AD	Batch3
AD_127_S123	X	70356849	70356849	C	T	MED12	exonic	synonymous	neutral	703	4	0	FALSE	0.00565770862800566	34	77	Female	17	AD	AD	Batch1+2
AD_127_S123	22	23596077	23596077	T	G	BCR	exonic	nonsynonymous	deleterious	562	4	0	FALSE	0.00706713780918728	34	77	Female	17	AD	AD	Batch1+2
AD_127_S123	3	47098596	47098596	C	A	SETD2	exonic	synonymous	neutral	841	4	0	FALSE	0.00473372781065089	34	77	Female	17	AD	AD	Batch1+2
AD_127_S123	7	151927002	151927002	G	A	KMT2C	intronic	NA	neutral	463	27	0	FALSE	0.0551020408163265	34	77	Female	17	AD	AD	Batch1+2
AD_128_S124	18	48584600	48584600	C	A	SMAD4	exonic	nonsynonymous	neutral	425	4	0	FALSE	0.00932400932400932	34	71	Female	19	AD	AD	Batch1+2
AD_128_S124	15	66729181	66729181	A	G	MAP2K1	exonic	nonsynonymous	deleterious	775	4	0	FALSE	0.00513478818998716	34	71	Female	19	AD	AD	Batch1+2
AD_128_S124	8	144943159	144943159	G	A	EPPK1	exonic	synonymous	neutral	1150	5	9.697e-05	FALSE	0.00432900432900433	34	71	Female	19	AD	AD	Batch1+2
AD_129_S125	12	49420292	49420292	G	A	KMT2D	exonic	nonsynonymous	deleterious	1172	6	0	FALSE	0.00509337860780985	34	77	Female	19	AD	AD	Batch1+2
AD_129_S125	21	44514833	44514833	C	A	U2AF1	exonic	nonsynonymous	deleterious	946	4	0	FALSE	0.00421052631578947	34	77	Female	19	AD	AD	Batch1+2
AD_129_S125	8	144943053	144943053	C	T	EPPK1	exonic	nonsynonymous	neutral	1869	8	3.232e-05	FALSE	0.00426212040490144	34	77	Female	19	AD	AD	Batch1+2
AD_133_S128	X	132826448	132826448	G	A	GPC3	exonic	nonsynonymous	neutral	335	6	0	FALSE	0.0175953079178886	33	76	Female	17	AD	AD	Batch1+2
AD_134_S129	10	123353386	123353386	C	A	FGFR2	UTR5	NA	neutral	182	4	0	FALSE	0.021505376344086	34	82	Female	16	AD	AD	Batch1+2
AD_134_S129	8	144940743	144940743	C	T	EPPK1	exonic	nonsynonymous	deleterious	369	23	0	FALSE	0.0586734693877551	34	82	Female	16	AD	AD	Batch1+2
AD_134_S129	20	51872909	51872909	T	A	TSHZ2	exonic	nonsynonymous	deleterious	538	4	0	FALSE	0.00738007380073801	34	82	Female	16	AD	AD	Batch1+2
AD_150_S135	X	70357235	70357235	C	T	MED12	splicing	NA	deleterious	283	22	0	FALSE	0.0721311475409836	34	76	Female	11	AD	AD	Batch1+2
AD_150_S135	8	128748760	128748760	A	G	MYC	UTR5	NA	neutral	906	39	0	FALSE	0.0412698412698413	34	76	Female	11	AD	AD	Batch1+2
AD_160_S43	12	58145390	58145390	C	G	CDK4	exonic	synonymous	neutral	628	8	0	FALSE	0.0125786163522013	33	73	Female	26	AD	AD	Batch3
AD_163_S141	5	56180581	56180581	C	G	MAP3K1	exonic	nonsynonymous	deleterious	417	4	0	FALSE	0.00950118764845606	34	87	Male	19	AD	AD	Batch1+2
AD_163_S141	2	25459831	25459831	A	C	DNMT3A	exonic	nonsynonymous	deleterious	155	4	0	FALSE	0.0251572327044025	34	87	Male	19	AD	AD	Batch1+2
AD_164_S142	4	106197014	106197014	C	T	TET2	exonic	stopgain	deleterious	432	109	3.228e-05	TRUE	0.201478743068392	33	76	Female	17	AD	AD	Batch1+2
AD_171_S145	2	25463289	25463289	T	C	DNMT3A	exonic	nonsynonymous	deleterious	207	11	3.232e-05	TRUE	0.0504587155963303	33	81	Female	19	AD	AD	Batch1+2
AD_171_S145	2	25468934	25468934	C	T	DNMT3A	splicing	NA	deleterious	239	7	0	TRUE	0.0284552845528455	33	81	Female	19	AD	AD	Batch1+2
AD_173_S146	2	25470569	25470569	C	T	DNMT3A	exonic	nonsynonymous	deleterious	869	6	0	FALSE	0.00685714285714286	34	74	Female	16	AD	AD	Batch1+2
AD_173_S146	20	4680403	4680403	C	T	PRNP	exonic	synonymous	neutral	1215	4	3.234e-05	FALSE	0.00328137817883511	34	74	Female	16	AD	AD	Batch1+2
AD_173_S146	17	29657440	29657440	T	G	NF1	exonic	nonsynonymous	deleterious	480	5	0	FALSE	0.0103092783505155	34	74	Female	16	AD	AD	Batch1+2
AD_175_S147	7	151927063	151927063	A	G	KMT2C	exonic	nonsynonymous	deleterious	534	49	0	FALSE	0.0840480274442539	34	73	Female	14	AD	AD	Batch1+2
AD_181_S45	4	106156060	106156060	C	T	TET2	exonic	stopgain	deleterious	361	25	0	TRUE	0.0647668393782383	33	83	Female	22	AD	AD	Batch3
AD_181_S45	11	119148990	119148990	T	A	CBL	exonic	nonsynonymous	deleterious	231	4	0	TRUE	0.0170212765957447	33	83	Female	22	AD	AD	Batch3
AD_183_S151	17	58740529	58740529	C	A	PPM1D	exonic	stopgain	deleterious	598	6	0	TRUE	0.00993377483443709	33	85	Female	14	AD	AD	Batch1+2
AD_183_S151	2	25463588	25463588	C	T	DNMT3A	exonic	stopgain	deleterious	793	6	0	TRUE	0.00750938673341677	33	85	Female	14	AD	AD	Batch1+2
AD_183_S151	4	106157224	106157224	G	T	TET2	exonic	stopgain	deleterious	380	12	0	TRUE	0.0306122448979592	33	85	Female	14	AD	AD	Batch1+2
AD_183_S151	17	40362192	40362192	A	T	STAT5B	exonic	nonsynonymous	neutral	398	4	0	FALSE	0.00995024875621891	33	85	Female	14	AD	AD	Batch1+2
AD_183_S151	7	151859898	151859898	C	T	KMT2C	exonic	synonymous	neutral	286	4	0	FALSE	0.0137931034482759	33	85	Female	14	AD	AD	Batch1+2
AD_186_S153	8	128748739	128748739	C	G	MYC	UTR5	NA	neutral	636	4	0	FALSE	0.00625	34	77	Female	21	AD	AD	Batch1+2
AD_189_S155	2	25467453	25467453	A	T	DNMT3A	exonic	stopgain	deleterious	450	14	0	TRUE	0.0301724137931034	33	79	Female	17	AD	AD	Batch1+2
AD_198_S160	2	25470465	25470465	A	G	DNMT3A	exonic	nonsynonymous	deleterious	809	108	0	TRUE	0.117775354416576	33	67	Female	16	AD	AD	Batch1+2
AD_198_S160	20	36022292	36022292	G	T	SRC	intronic	NA	neutral	855	4	0	FALSE	0.00465657741559953	33	67	Female	16	AD	AD	Batch1+2
AD_202_S48	8	144940593	144940593	G	A	EPPK1	exonic	nonsynonymous	deleterious	2327	199	0	FALSE	0.0787806809184481	33	63	Male	3	AD	AD	Batch3
AD_205_S50	8	144946712	144946712	G	A	EPPK1	exonic	nonsynonymous	neutral	1917	5	0	FALSE	0.00260145681581686	34	86	Male	25	AD	AD	Batch3
AD_205_S50	17	66511529	66511529	T	C	PRKAR1A	intronic	NA	neutral	377	13	0	FALSE	0.0333333333333333	34	86	Male	25	AD	AD	Batch3
AD_205_S50	5	56160695	56160695	G	A	MAP3K1	exonic	synonymous	neutral	512	114	0	FALSE	0.182108626198083	34	86	Male	25	AD	AD	Batch3
AD_205_S50	7	106509833	106509833	A	G	PIK3CG	exonic	synonymous	neutral	1002	8	0	FALSE	0.00792079207920792	34	86	Male	25	AD	AD	Batch3
AD_205_S50	16	74972107	74972107	C	T	WDR59	exonic	nonsynonymous	deleterious	1247	28	6.457e-05	FALSE	0.0219607843137255	34	86	Male	25	AD	AD	Batch3
AD_209_S164	1	244006445	244006445	C	G	AKT3	exonic	nonsynonymous	deleterious	292	4	0	FALSE	0.0135135135135135	33	77	Female	14	AD	AD	Batch1+2
AD_209_S164	9	133730363	133730363	C	A	ABL1	exonic	nonsynonymous	deleterious	899	4	0	FALSE	0.0044296788482835	33	77	Female	14	AD	AD	Batch1+2
AD_209_S164	19	15302371	15302371	G	A	NOTCH3	exonic	synonymous	neutral	1289	5	3.231e-05	FALSE	0.00386398763523957	33	77	Female	14	AD	AD	Batch1+2
AD_211_S165	15	67477068	67477068	G	T	SMAD3	exonic	nonsynonymous	deleterious	751	4	0	FALSE	0.00529801324503311	34	84	Female	18	AD	AD	Batch1+2
AD_211_S165	2	25457254	25457254	G	A	DNMT3A	exonic	nonsynonymous	deleterious	506	39	0	FALSE	0.0715596330275229	34	84	Female	18	AD	AD	Batch1+2
AD_211_S165	22	32242829	32242829	G	T	DEPDC5	exonic	nonsynonymous	neutral	792	4	3.23e-05	FALSE	0.0050251256281407	34	84	Female	18	AD	AD	Batch1+2
AD_211_S165	19	15299020	15299020	C	T	NOTCH3	intronic	NA	neutral	497	4	0	FALSE	0.00798403193612774	34	84	Female	18	AD	AD	Batch1+2
AD_214_S53	3	52595880	52595880	A	C	PBRM1	exonic	nonsynonymous	deleterious	626	4	0	FALSE	0.00634920634920635	33	81	Female	24	AD	AD	Batch3
AD_216_S167	8	128752809	128752809	T	G	MYC	exonic	nonsynonymous	deleterious	1261	4	0	FALSE	0.00316205533596838	33	82	Male	0	AD	AD	Batch1+2
AD_216_S167	8	144940891	144940891	A	C	EPPK1	exonic	nonsynonymous	deleterious	1192	11	0	FALSE	0.00914380714879468	33	82	Male	0	AD	AD	Batch1+2
AD_216_S167	19	42791820	42791820	G	A	CIC	exonic	nonsynonymous	deleterious	1196	4	0	FALSE	0.00333333333333333	33	82	Male	0	AD	AD	Batch1+2
AD_219_S168	1	11181302	11181302	C	T	MTOR	splicing	NA	deleterious	249	6	0	FALSE	0.0235294117647059	33	80	Male	14	AD	AD	Batch1+2
AD_220_S169	2	25463576	25463576	A	C	DNMT3A	exonic	nonsynonymous	deleterious	782	6	0	TRUE	0.00761421319796954	33	79	Female	22	AD	AD	Batch1+2
AD_221_S170	20	36031644	36031644	C	T	SRC	exonic	synonymous	neutral	762	7	3.231e-05	FALSE	0.00910273081924577	33	85	Male	19	AD	AD	Batch1+2
AD_222_S171	2	25466864	25466864	C	A	DNMT3A	intronic	NA	neutral	492	4	0	FALSE	0.00806451612903226	33	77	Female	21	AD	AD	Batch1+2
AD_222_S171	17	7577022	7577022	G	A	TP53	exonic	stopgain	deleterious	447	4	0	TRUE	0.00886917960088692	33	77	Female	21	AD	AD	Batch1+2
AD_231_S174	X	76888847	76888847	C	T	ATRX	exonic	nonsynonymous	deleterious	228	4	0	FALSE	0.0172413793103448	33	82	Female	19	AD	AD	Batch1+2
AD_231_S174	2	25463321	25463321	T	C	DNMT3A	splicing	NA	deleterious	128	4	0	TRUE	0.0303030303030303	33	82	Female	19	AD	AD	Batch1+2
AD_238_S176	4	55970991	55970991	A	G	KDR	exonic	synonymous	neutral	1124	4	0	FALSE	0.00354609929078014	34	78	Male	17	AD	AD	Batch1+2
AD_238_S176	19	42793423	42793423	G	T	CIC	exonic	nonsynonymous	deleterious	610	4	0	FALSE	0.00651465798045603	34	78	Male	17	AD	AD	Batch1+2
AD_238_S176	2	29445175	29445175	G	A	ALK	intronic	NA	neutral	155	4	0	FALSE	0.0251572327044025	34	78	Male	17	AD	AD	Batch1+2
AD_249_S66	7	151962200	151962200	C	T	KMT2C	exonic	nonsynonymous	neutral	2919	144	0	FALSE	0.0470127326150832	33	75	Female	23	AD	AD	Batch3
AD_251_S180	17	7578467	7578467	T	G	TP53	exonic	nonsynonymous	deleterious	665	6	0	TRUE	0.00894187779433681	33	73	Female	2	AD	AD	Batch1+2
AD_251_S180	12	49440455	49440455	T	C	KMT2D	exonic	nonsynonymous	deleterious	1076	7	0	FALSE	0.00646352723915051	33	73	Female	2	AD	AD	Batch1+2
AD_257_S183	5	176638638	176638638	G	T	NSD1	exonic	nonsynonymous	deleterious	1648	4	0	FALSE	0.00242130750605327	34	72	Female	22	AD	AD	Batch1+2
AD_261_S186	19	18273175	18273175	T	C	PIK3R2	intronic	NA	neutral	347	4	0	FALSE	0.0113960113960114	33	85	Female	20	AD	AD	Batch1+2
AD_261_S186	7	151962236	151962236	G	T	KMT2C	exonic	nonsynonymous	neutral	1714	104	0	FALSE	0.0572057205720572	33	85	Female	20	AD	AD	Batch1+2
AD_264_S187	11	108117767	108117767	A	G	ATM	exonic	nonsynonymous	deleterious	355	8	0	FALSE	0.0220385674931129	33	83	Male	18	AD	AD	Batch1+2
AD_264_S187	20	31021451	31021451	G	T	ASXL1	exonic	stopgain	deleterious	829	4	0	TRUE	0.00480192076830732	33	83	Male	18	AD	AD	Batch1+2
AD_264_S187	22	29121077	29121077	T	C	CHEK2	exonic	nonsynonymous	deleterious	455	21	3.227e-05	FALSE	0.0441176470588235	33	83	Male	18	AD	AD	Batch1+2
AD_265_S1	11	119148924	119148924	A	G	CBL	exonic	nonsynonymous	deleterious	330	4	0	TRUE	0.0119760479041916	33	81	Female	19	AD	AD	Batch1+2
AD_265_S1	20	36030876	36030876	C	T	SRC	exonic	synonymous	neutral	520	4	0	FALSE	0.00763358778625954	33	81	Female	19	AD	AD	Batch1+2
AD_265_S1	22	32180920	32180920	A	T	DEPDC5	intronic	NA	neutral	177	6	0	FALSE	0.0327868852459016	33	81	Female	19	AD	AD	Batch1+2
AD_265_S1	4	106156216	106156216	C	T	TET2	exonic	stopgain	deleterious	544	6	0	TRUE	0.0109090909090909	33	81	Female	19	AD	AD	Batch1+2
AD_266_S2	7	116339834	116339834	G	T	MET	exonic	nonsynonymous	deleterious	1612	5	0	FALSE	0.00309214594928881	33	85	Female	17	AD	AD	Batch1+2
AD_266_S2	17	29528502	29528502	A	G	NF1	exonic	nonsynonymous	deleterious	179	21	0	FALSE	0.105	33	85	Female	17	AD	AD	Batch1+2
AD_266_S2	2	25463599	25463599	T	A	DNMT3A	exonic	nonsynonymous	deleterious	853	160	0	TRUE	0.157946692991115	33	85	Female	17	AD	AD	Batch1+2
AD_266_S2	4	106180838	106180838	G	T	TET2	exonic	nonsynonymous	deleterious	1030	32	0	TRUE	0.0301318267419962	33	85	Female	17	AD	AD	Batch1+2
AD_266_S2	17	7578370	7578370	C	T	TP53	splicing	NA	deleterious	1056	14	0	TRUE	0.0130841121495327	33	85	Female	17	AD	AD	Batch1+2
AD_266_S2	19	15297678	15297678	C	A	NOTCH3	intronic	NA	neutral	1443	4	0	FALSE	0.0027643400138217	33	85	Female	17	AD	AD	Batch1+2
AD_266_S2	5	112174604	112174604	C	T	APC	exonic	nonsynonymous	deleterious	1038	153	3.23e-05	FALSE	0.128463476070529	33	85	Female	17	AD	AD	Batch1+2
AD_266_S2	2	25469976	25469976	G	A	DNMT3A	exonic	stopgain	deleterious	1320	25	0	TRUE	0.0185873605947955	33	85	Female	17	AD	AD	Batch1+2
AD_266_S2	X	70348422	70348422	T	C	MED12	intronic	NA	neutral	872	23	0	FALSE	0.0256983240223464	33	85	Female	17	AD	AD	Batch1+2
AD_267_S3	2	25463176	25463176	G	C	DNMT3A	exonic	nonsynonymous	deleterious	472	4	0	TRUE	0.00840336134453781	33	71	Female	0	AD	AD	Batch1+2
AD_267_S3	19	15290347	15290347	G	A	NOTCH3	intronic	NA	neutral	380	5	3.235e-05	FALSE	0.012987012987013	33	71	Female	0	AD	AD	Batch1+2
AD_273_S9	6	138200323	138200323	A	G	TNFAIP3	exonic	nonsynonymous	neutral	994	4	3.23e-05	FALSE	0.00400801603206413	33	62	Male	18	AD	AD	Batch1+2
AD_275_S11	7	55229303	55229303	A	T	EGFR	exonic	nonsynonymous	deleterious	454	4	0	FALSE	0.00873362445414847	33	80	Female	16	AD	AD	Batch1+2
AD_275_S11	15	38614539	38614539	C	T	SPRED1	exonic	nonsynonymous	deleterious	515	4	0	FALSE	0.00770712909441233	33	80	Female	16	AD	AD	Batch1+2
AD_281_S74	5	1268604	1268604	C	T	TERT	intronic	NA	neutral	153	15	0	FALSE	0.0892857142857143	44	72	Female	17	AD	AD	Batch3
AD_285_S76	8	144940488	144940488	C	T	EPPK1	exonic	nonsynonymous	deleterious	4332	366	0	FALSE	0.0779054916985951	33	87	Female	24	AD	AD	Batch3
AD_286_S13	19	55667564	55667564	G	A	TNNI3	intronic	NA	neutral	288	4	0	FALSE	0.0136986301369863	33	76	Male	15	AD	AD	Batch1+2
AD_286_S13	17	40498657	40498657	T	C	STAT3	exonic	nonsynonymous	deleterious	603	6	0	FALSE	0.00985221674876847	33	76	Male	15	AD	AD	Batch1+2
AD_286_S13	3	47103723	47103723	T	C	SETD2	exonic	nonsynonymous	deleterious	701	6	0	FALSE	0.00848656294200849	33	76	Male	15	AD	AD	Batch1+2
AD_289_S15	2	25470459	25470459	C	T	DNMT3A	splicing	NA	deleterious	664	4	0	TRUE	0.00598802395209581	33	69	Male	20	AD	AD	Batch1+2
AD_289_S15	2	16082240	16082240	C	T	MYCN	exonic	nonsynonymous	neutral	1051	5	0	FALSE	0.00473484848484848	33	69	Male	20	AD	AD	Batch1+2
AD_290_S16	2	25464534	25464534	T	C	DNMT3A	exonic	nonsynonymous	deleterious	1082	30	0	TRUE	0.026978417266187	33	86	Female	17	AD	AD	Batch1+2
AD_290_S16	11	119170467	119170467	T	G	CBL	exonic	synonymous	neutral	396	6	0	FALSE	0.0149253731343284	33	86	Female	17	AD	AD	Batch1+2
AD_290_S16	10	43609969	43609969	G	A	RET	exonic	nonsynonymous	deleterious	593	5	0	FALSE	0.00836120401337793	33	86	Female	17	AD	AD	Batch1+2
AD_291_S77	16	74942849	74942849	T	C	WDR59	exonic	nonsynonymous	neutral	394	15	0	FALSE	0.0366748166259169	34	82	Female	7	AD	AD	Batch3
AD_291_S77	16	74942895	74942895	A	G	WDR59	intronic	NA	neutral	300	22	6.463e-05	FALSE	0.0683229813664596	34	82	Female	7	AD	AD	Batch3
AD_291_S77	11	108205825	108205825	C	T	ATM	exonic	stopgain	deleterious	402	20	0	FALSE	0.0473933649289099	34	82	Female	7	AD	AD	Batch3
AD_291_S77	11	108213949	108213949	G	A	ATM	exonic	nonsynonymous	deleterious	263	54	0	FALSE	0.170347003154574	34	82	Female	7	AD	AD	Batch3
AD_295_S17	8	38274929	38274929	C	T	FGFR1	exonic	nonsynonymous	deleterious	540	5	0	FALSE	0.00917431192660551	33	81	Male	18	AD	AD	Batch1+2
AD_297_S18	2	47693870	47693870	G	A	MSH2	exonic	synonymous	neutral	309	9	0	FALSE	0.0283018867924528	33	68	Female	14	AD	AD	Batch1+2
AD_297_S18	20	57428501	57428501	G	A	GNAS	exonic	nonsynonymous	neutral	867	4	0	FALSE	0.00459242250287026	33	68	Female	14	AD	AD	Batch1+2
AD_297_S18	2	25470029	25470029	T	A	DNMT3A	splicing	NA	deleterious	1003	5	3.236e-05	TRUE	0.00496031746031746	33	68	Female	14	AD	AD	Batch1+2
AD_298_S19	16	738075	738075	A	G	WDR24	intronic	NA	neutral	478	156	9.69e-05	FALSE	0.246056782334385	34	85	Female	20	AD	AD	Batch1+2
AD_298_S19	17	29661794	29661794	T	A	NF1	intronic	NA	neutral	126	8	0	FALSE	0.0597014925373134	34	85	Female	20	AD	AD	Batch1+2
AD_303_S81	19	17948708	17948708	C	T	JAK3	intronic	NA	neutral	96	4	0	FALSE	0.04	33	73	Female	9	AD	AD	Batch3
AD_303_S81	2	25470029	25470029	T	C	DNMT3A	splicing	NA	deleterious	223	5	0	TRUE	0.0219298245614035	33	73	Female	9	AD	AD	Batch3
AD_310_S22	2	212522503	212522503	T	C	ERBB4	exonic	nonsynonymous	neutral	514	6	0	FALSE	0.0115384615384615	34	87	Female	16	AD	AD	Batch1+2
AD_313_S35	19	39086997	39086997	C	A	MAP4K1	exonic	nonsynonymous	neutral	571	4	0	FALSE	0.00695652173913044	34	74	Male	23	AD	AD	Batch1+2
C_001_S1	7	151962292	151962292	T	C	KMT2C	exonic	nonsynonymous	deleterious	608	12	0	FALSE	0.0193548387096774	33	100	NA	NA	C	C	Batch1+2
C_001_S1	6	138200300	138200300	G	T	TNFAIP3	exonic	nonsynonymous	neutral	765	4	0	FALSE	0.00520156046814044	33	100	NA	NA	C	C	Batch1+2
C_009_S4	4	106196825	106196825	A	T	TET2	exonic	stopgain	deleterious	787	59	0	TRUE	0.0697399527186761	33	103	NA	NA	C	C	Batch1+2
C_023_S11	X	76937769	76937769	C	G	ATRX	exonic	nonsynonymous	neutral	102	4	0	FALSE	0.0377358490566038	34	100	NA	NA	C	C	Batch1+2
C_023_S11	22	29121328	29121328	C	T	CHEK2	exonic	nonsynonymous	deleterious	589	4	0	FALSE	0.00674536256323777	34	100	NA	NA	C	C	Batch1+2
C_023_S11	4	1806627	1806627	G	T	FGFR3	exonic	nonsynonymous	deleterious	335	4	0	FALSE	0.0117994100294985	34	100	NA	NA	C	C	Batch1+2
C_024_S12	7	42085051	42085051	T	C	GLI3	exonic	nonsynonymous	neutral	676	4	0	FALSE	0.00588235294117647	34	102	NA	NA	C	C	Batch1+2
C_024_S12	8	128750908	128750908	A	T	MYC	exonic	nonsynonymous	deleterious	795	4	0	FALSE	0.00500625782227785	34	102	NA	NA	C	C	Batch1+2
C_024_S12	7	151927012	151927012	A	T	KMT2C	exonic	nonsynonymous	deleterious	1186	6	0	FALSE	0.00503355704697987	34	102	NA	NA	C	C	Batch1+2
C_024_S12	11	108186756	108186756	C	G	ATM	exonic	nonsynonymous	deleterious	673	8	0	FALSE	0.0117474302496329	34	102	NA	NA	C	C	Batch1+2
C_024_S12	2	16085777	16085777	T	C	MYCN	exonic	nonsynonymous	deleterious	1007	5	0	FALSE	0.00494071146245059	34	102	NA	NA	C	C	Batch1+2
C_031_S17	12	49420268	49420268	C	A	KMT2D	exonic	stopgain	deleterious	1447	4	0	TRUE	0.00275671950379049	33	100	NA	NA	C	C	Batch1+2
C_032_S18	7	106509262	106509262	A	G	PIK3CG	exonic	nonsynonymous	neutral	1192	4	0	FALSE	0.00334448160535117	33	104	NA	NA	C	C	Batch1+2
C_032_S18	2	25463574	25463574	A	G	DNMT3A	exonic	nonsynonymous	deleterious	1057	10	0	TRUE	0.00937207122774133	33	104	NA	NA	C	C	Batch1+2
C_032_S18	13	49037849	49037849	C	T	RB1	intronic	NA	neutral	343	4	0	FALSE	0.0115273775216138	33	104	NA	NA	C	C	Batch1+2
C_032_S18	11	119149251	119149251	G	A	CBL	exonic	nonsynonymous	deleterious	671	4	0	TRUE	0.00592592592592593	33	104	NA	NA	C	C	Batch1+2
C_032_S18	20	30947109	30947109	G	T	ASXL1	intronic	NA	neutral	654	4	0	FALSE	0.0060790273556231	33	104	NA	NA	C	C	Batch1+2
C_032_S18	X	41200868	41200868	A	C	DDX3X	exonic	synonymous	neutral	1065	4	0	FALSE	0.00374181478016838	33	104	NA	NA	C	C	Batch1+2
C_033_S19	4	106164079	106164079	A	T	TET2	exonic	stopgain	deleterious	210	9	0	TRUE	0.0410958904109589	34	92	NA	NA	CTRL	CTRL_old	Batch1+2
C_037_S21	17	37882823	37882823	A	G	ERBB2	exonic	nonsynonymous	deleterious	197	4	0	FALSE	0.0199004975124378	34	104	NA	NA	C	C	Batch1+2
C_037_S21	8	144940742	144940742	G	A	EPPK1	exonic	nonsynonymous	deleterious	274	10	0	FALSE	0.0352112676056338	34	104	NA	NA	C	C	Batch1+2
C_039_S22	2	25464540	25464540	T	A	DNMT3A	exonic	nonsynonymous	deleterious	787	51	0	TRUE	0.0608591885441527	33	98	NA	NA	CTRL	CTRL_old	Batch1+2
C_039_S22	20	51871214	51871214	T	C	TSHZ2	exonic	nonsynonymous	deleterious	738	7	0	FALSE	0.00939597315436242	33	98	NA	NA	CTRL	CTRL_old	Batch1+2
C_040_S23	15	66782905	66782905	C	T	MAP2K1	exonic	synonymous	neutral	400	4	0	FALSE	0.0099009900990099	34	102	NA	NA	C	C	Batch1+2
C_041_S24	1	11273574	11273574	A	G	MTOR	exonic	nonsynonymous	deleterious	275	13	0	FALSE	0.0451388888888889	33	104	NA	NA	C	C	Batch1+2
C_041_S24	3	178951987	178951987	A	G	PIK3CA	exonic	synonymous	neutral	599	13	0	FALSE	0.0212418300653595	33	104	NA	NA	C	C	Batch1+2
C_049_S30	22	23653940	23653940	G	A	BCR	exonic	nonsynonymous	deleterious	598	10	0	FALSE	0.0164473684210526	33	97.5	NA	NA	CTRL	CTRL_old	Batch1+2
C_049_S30	17	40370248	40370248	T	G	STAT5B	exonic	nonsynonymous	neutral	709	4	0	FALSE	0.00561009817671809	33	97.5	NA	NA	CTRL	CTRL_old	Batch1+2
C_049_S30	2	212578259	212578259	C	T	ERBB4	splicing	NA	deleterious	267	5	0	FALSE	0.0183823529411765	33	97.5	NA	NA	CTRL	CTRL_old	Batch1+2
C_051_S32	7	106513253	106513253	C	A	PIK3CG	exonic	synonymous	neutral	548	4	0	FALSE	0.0072463768115942	33	100	NA	NA	C	C	Batch1+2
C_052_S33	7	42007442	42007442	A	T	GLI3	exonic	nonsynonymous	deleterious	746	5	0	FALSE	0.0066577896138482	33	101	NA	NA	C	C	Batch1+2
C_052_S33	2	198267373	198267373	G	A	SF3B1	exonic	nonsynonymous	deleterious	609	5	0	FALSE	0.00814332247557003	33	101	NA	NA	C	C	Batch1+2
C_056_S35	7	55240688	55240688	G	A	EGFR	exonic	synonymous	neutral	454	4	6.459e-05	FALSE	0.00873362445414847	33	101	NA	NA	C	C	Batch1+2
C_056_S35	2	25463289	25463289	T	C	DNMT3A	exonic	nonsynonymous	deleterious	342	15	3.232e-05	TRUE	0.0420168067226891	33	101	NA	NA	C	C	Batch1+2
C_056_S35	10	43595980	43595980	C	T	RET	exonic	synonymous	neutral	1383	6	3.235e-05	FALSE	0.00431965442764579	33	101	NA	NA	C	C	Batch1+2
C_057_S36	5	176638985	176638985	T	C	NSD1	exonic	synonymous	neutral	1196	4	0	FALSE	0.00333333333333333	33	103	NA	NA	C	C	Batch1+2
C_057_S36	7	151962266	151962266	G	A	KMT2C	exonic	synonymous	neutral	2489	118	0	FALSE	0.0452627541235136	33	103	NA	NA	C	C	Batch1+2
C_057_S36	X	70340838	70340838	A	C	MED12	exonic	nonsynonymous	deleterious	1030	6	0	FALSE	0.00579150579150579	33	103	NA	NA	C	C	Batch1+2
C_057_S36	2	25467483	25467483	G	T	DNMT3A	exonic	nonsynonymous	deleterious	1562	26	0	FALSE	0.0163727959697733	33	103	NA	NA	C	C	Batch1+2
C_058_S37	17	7577593	7577593	T	G	TP53	exonic	nonsynonymous	deleterious	358	5	0	FALSE	0.0137741046831956	34	101	NA	NA	C	C	Batch1+2
C_063_S38	2	29448355	29448355	C	T	ALK	exonic	synonymous	neutral	461	9	0	FALSE	0.0191489361702128	34	103	NA	NA	C	C	Batch1+2
C_063_S38	15	90192617	90192617	G	A	KIF7	intronic	NA	neutral	549	38	3.238e-05	FALSE	0.0647359454855196	34	103	NA	NA	C	C	Batch1+2
C_063_S38	19	15276146	15276146	C	A	NOTCH3	intronic	NA	neutral	671	4	0	FALSE	0.00592592592592593	34	103	NA	NA	C	C	Batch1+2
C_063_S38	4	1804647	1804647	A	T	FGFR3	exonic	nonsynonymous	deleterious	343	4	0	FALSE	0.0115273775216138	34	103	NA	NA	C	C	Batch1+2
C_064_S39	9	133753874	133753874	T	G	ABL1	exonic	nonsynonymous	deleterious	320	4	0	FALSE	0.0123456790123457	33	102	NA	NA	C	C	Batch1+2
C_065_S40	3	10183829	10183829	A	G	VHL	exonic	nonsynonymous	neutral	646	12	3.245e-05	FALSE	0.0182370820668693	33	92	NA	NA	CTRL	CTRL_old	Batch1+2
C_065_S40	15	90193063	90193063	C	T	KIF7	exonic	synonymous	neutral	1550	9	0	FALSE	0.00577293136626042	33	92	NA	NA	CTRL	CTRL_old	Batch1+2
C_066_S41	4	55953832	55953832	T	A	KDR	exonic	nonsynonymous	neutral	458	8	0	FALSE	0.0171673819742489	33	104	NA	NA	C	C	Batch1+2
C_066_S41	14	95562666	95562666	A	T	DICER1	exonic	nonsynonymous	deleterious	611	6	0	FALSE	0.00972447325769854	33	104	NA	NA	C	C	Batch1+2
C_066_S41	7	151960212	151960212	T	C	KMT2C	exonic	synonymous	neutral	291	8	0	FALSE	0.0267558528428094	33	104	NA	NA	C	C	Batch1+2
C_070_S43	4	106196374	106196374	C	A	TET2	exonic	stopgain	deleterious	579	7	0	TRUE	0.0119453924914676	33	100	NA	NA	C	C	Batch1+2
C_070_S43	X	70339317	70339317	A	G	MED12	exonic	nonsynonymous	neutral	458	7	0	FALSE	0.0150537634408602	33	100	NA	NA	C	C	Batch1+2
C_070_S43	11	119149260	119149260	T	A	CBL	exonic	nonsynonymous	deleterious	513	6	0	FALSE	0.0115606936416185	33	100	NA	NA	C	C	Batch1+2
C_072_S44	7	7612429	7612429	T	C	MIOS	exonic	nonsynonymous	neutral	663	7	0	FALSE	0.0104477611940299	33	104	NA	NA	C	C	Batch1+2
C_075_S46	11	108188119	108188119	T	G	ATM	exonic	nonsynonymous	deleterious	895	4	0	FALSE	0.00444938820912125	33	101	NA	NA	C	C	Batch1+2
C_075_S46	5	176721517	176721517	G	T	NSD1	exonic	nonsynonymous	deleterious	1751	4	0	FALSE	0.00227920227920228	33	101	NA	NA	C	C	Batch1+2
C_075_S46	X	66765170	66765170	A	T	AR	exonic	nonsynonymous	neutral	141	5	0	FALSE	0.0342465753424658	33	101	NA	NA	C	C	Batch1+2
C_075_S46	2	25468935	25468935	T	C	DNMT3A	splicing	NA	deleterious	914	6	0	TRUE	0.00652173913043478	33	101	NA	NA	C	C	Batch1+2
C_075_S46	22	23585003	23585003	A	G	BCR	intronic	NA	neutral	746	5	0	FALSE	0.0066577896138482	33	101	NA	NA	C	C	Batch1+2
C_075_S46	12	49441807	49441807	G	A	KMT2D	exonic	nonsynonymous	deleterious	1512	4	0	FALSE	0.00263852242744063	33	101	NA	NA	C	C	Batch1+2
C_078_S48	8	144940539	144940539	C	T	EPPK1	exonic	nonsynonymous	deleterious	4353	471	0	FALSE	0.097636815920398	33	103	NA	NA	C	C	Batch1+2
C_078_S48	4	55946183	55946183	A	G	KDR	exonic	synonymous	neutral	552	10	0	FALSE	0.0177935943060498	33	103	NA	NA	C	C	Batch1+2
C_078_S48	4	106190896	106190896	A	C	TET2	exonic	nonsynonymous	deleterious	706	6	0	TRUE	0.00842696629213483	33	103	NA	NA	C	C	Batch1+2
C_078_S48	17	37881433	37881433	A	G	ERBB2	exonic	synonymous	neutral	439	6	0	FALSE	0.0134831460674157	33	103	NA	NA	C	C	Batch1+2
C_078_S48	20	31023702	31023702	C	T	ASXL1	exonic	stopgain	deleterious	1046	4	0	TRUE	0.00380952380952381	33	103	NA	NA	C	C	Batch1+2
C_082_S49	7	140534611	140534611	T	A	BRAF	exonic	nonsynonymous	deleterious	362	8	0	FALSE	0.0216216216216216	33	101	NA	NA	C	C	Batch1+2
C_089_S51	2	29419633	29419633	T	C	ALK	intronic	NA	neutral	166	5	0	FALSE	0.0292397660818713	33	101	NA	NA	C	C	Batch1+2
C_091_S52	X	76939034	76939034	C	T	ATRX	exonic	nonsynonymous	neutral	572	4	0	FALSE	0.00694444444444444	33	102	NA	NA	C	C	Batch1+2
C_093_S53	7	55221656	55221656	C	T	EGFR	intronic	NA	neutral	380	12	0	FALSE	0.0306122448979592	33	97.5	NA	NA	CTRL	CTRL_old	Batch1+2
C_093_S53	7	151945110	151945110	A	C	KMT2C	exonic	synonymous	neutral	2296	198	0	FALSE	0.0793905372894948	33	97.5	NA	NA	CTRL	CTRL_old	Batch1+2
C_093_S53	2	198267480	198267480	T	C	SF3B1	exonic	nonsynonymous	deleterious	388	47	0	FALSE	0.108045977011494	33	97.5	NA	NA	CTRL	CTRL_old	Batch1+2
C_093_S53	8	144940387	144940387	C	T	EPPK1	exonic	synonymous	neutral	4079	367	0	FALSE	0.0825461088618983	33	97.5	NA	NA	CTRL	CTRL_old	Batch1+2
C_094_S54	20	51872131	51872131	C	A	TSHZ2	exonic	nonsynonymous	deleterious	867	51	0	FALSE	0.0555555555555556	33	101	NA	NA	C	C	Batch1+2
C_094_S54	17	40353818	40353818	G	T	STAT5B	exonic	nonsynonymous	neutral	934	4	0	FALSE	0.00426439232409382	33	101	NA	NA	C	C	Batch1+2
C_096_S55	2	25470028	25470028	C	A	DNMT3A	splicing	NA	deleterious	837	50	0	TRUE	0.056369785794814	33	102	NA	NA	C	C	Batch1+2
C_097_S56	15	90631564	90631564	G	T	IDH2	intronic	NA	neutral	284	4	0	FALSE	0.0138888888888889	33	97.5	NA	NA	CTRL	CTRL_old	Batch1+2
C_099_S57	8	144940710	144940710	C	T	EPPK1	exonic	nonsynonymous	deleterious	707	103	0	FALSE	0.12716049382716	33	101	NA	NA	C	C	Batch1+2
C_099_S57	2	29443571	29443571	C	T	ALK	splicing	NA	deleterious	280	4	0	FALSE	0.0140845070422535	33	101	NA	NA	C	C	Batch1+2
C_099_S57	4	106164875	106164875	T	G	TET2	exonic	nonsynonymous	deleterious	397	5	0	TRUE	0.0124378109452736	33	101	NA	NA	C	C	Batch1+2
C_107_S59	2	25464462	25464462	A	T	DNMT3A	exonic	nonsynonymous	deleterious	415	5	0	FALSE	0.0119047619047619	33	100	NA	NA	C	C	Batch1+2
C_112_S62	12	49438642	49438642	T	C	KMT2D	exonic	synonymous	neutral	1364	4	0	FALSE	0.00292397660818713	33	97.5	NA	NA	CTRL	CTRL_old	Batch1+2
C_112_S62	2	212578341	212578341	G	A	ERBB4	exonic	nonsynonymous	deleterious	333	4	0	FALSE	0.0118694362017804	33	97.5	NA	NA	CTRL	CTRL_old	Batch1+2
C_112_S62	17	58740392	58740392	A	T	PPM1D	exonic	stopgain	deleterious	490	7	0	TRUE	0.0140845070422535	33	97.5	NA	NA	CTRL	CTRL_old	Batch1+2
C_112_S62	2	25467408	25467408	C	A	DNMT3A	splicing	NA	deleterious	765	5	0	TRUE	0.00649350649350649	33	97.5	NA	NA	CTRL	CTRL_old	Batch1+2
C_119_S64	17	29654638	29654638	A	G	NF1	exonic	nonsynonymous	neutral	473	6	0	FALSE	0.0125260960334029	33	101	NA	NA	C	C	Batch1+2
C_121_S65	12	121426640	121426640	G	A	HNF1A	exonic	nonsynonymous	deleterious	637	4	0	FALSE	0.0062402496099844	33	103	NA	NA	C	C	Batch1+2
CTRL_005_S38	15	90633717	90633717	C	T	IDH2	exonic	nonsynonymous	deleterious	514	5	0	FALSE	0.00963391136801541	33	79	Female	NA	CTRL	CTRL	Batch1+2
CTRL_010_S40	1	11259625	11259625	C	T	MTOR	exonic	synonymous	neutral	947	8	0	FALSE	0.00837696335078534	33	71	Male	NA	CTRL	CTRL	Batch1+2
CTRL_012_S41	8	144940480	144940480	G	A	EPPK1	exonic	synonymous	neutral	3931	247	0	FALSE	0.0591191957874581	34	85	Female	NA	CTRL	CTRL	Batch1+2
CTRL_012_S41	8	144940413	144940413	G	A	EPPK1	exonic	nonsynonymous	deleterious	3436	193	0	FALSE	0.0531826949572885	34	85	Female	NA	CTRL	CTRL	Batch1+2
CTRL_017_S45	2	25462068	25462068	A	T	DNMT3A	exonic	nonsynonymous	deleterious	187	4	0	TRUE	0.0209424083769634	33	78	Female	NA	CTRL	CTRL	Batch1+2
CTRL_017_S45	3	10345904	10345904	G	A	SEC13	intronic	NA	neutral	245	7	0	FALSE	0.0277777777777778	33	78	Female	NA	CTRL	CTRL	Batch1+2
CTRL_020_S47	4	106157938	106157938	C	T	TET2	exonic	stopgain	deleterious	854	4	0	TRUE	0.00466200466200466	34	79	Female	NA	CTRL	CTRL	Batch1+2
CTRL_023_S48	12	25398211	25398211	T	C	KRAS	exonic	nonsynonymous	deleterious	526	4	0	FALSE	0.00754716981132075	33	84	Female	NA	CTRL	CTRL	Batch1+2
CTRL_027_S50	17	66526489	66526489	A	C	PRKAR1A	exonic	nonsynonymous	deleterious	1398	6	0	FALSE	0.00427350427350427	33	86	Female	NA	CTRL	CTRL	Batch1+2
CTRL_027_S50	2	25457230	25457230	T	C	DNMT3A	exonic	nonsynonymous	deleterious	747	5	0	TRUE	0.00664893617021277	33	86	Female	NA	CTRL	CTRL	Batch1+2
CTRL_027_S50	4	106156825	106156825	G	T	TET2	exonic	stopgain	deleterious	607	6	0	TRUE	0.00978792822185971	33	86	Female	NA	CTRL	CTRL	Batch1+2
CTRL_029_S51	12	49416432	49416432	T	C	KMT2D	exonic	nonsynonymous	deleterious	679	12	0	FALSE	0.0173661360347323	33	84	Female	NA	CTRL	CTRL	Batch1+2
CTRL_030_S52	11	62601358	62601358	T	G	WDR74	exonic	nonsynonymous	deleterious	643	8	0	FALSE	0.0122887864823349	34	75	Female	NA	CTRL	CTRL	Batch1+2
CTRL_030_S52	2	25468211	25468211	A	T	DNMT3A	intronic	NA	neutral	89	35	0	FALSE	0.282258064516129	34	75	Female	NA	CTRL	CTRL	Batch1+2
CTRL_037_S55	16	74942828	74942828	A	G	WDR59	exonic	nonsynonymous	neutral	607	21	9.711e-05	FALSE	0.0334394904458599	33	89	Female	NA	CTRL	CTRL	Batch1+2
CTRL_037_S55	20	57429663	57429663	A	C	GNAS	exonic	nonsynonymous	neutral	95	8	3.921e-05	FALSE	0.0776699029126214	33	89	Female	NA	CTRL	CTRL	Batch1+2
CTRL_037_S55	2	25467477	25467477	G	C	DNMT3A	exonic	stopgain	deleterious	1196	6	0	TRUE	0.00499168053244592	33	89	Female	NA	CTRL	CTRL	Batch1+2
CTRL_037_S55	17	7578400	7578400	G	A	TP53	exonic	nonsynonymous	deleterious	858	10	0	TRUE	0.0115207373271889	33	89	Female	NA	CTRL	CTRL	Batch1+2
CTRL_037_S55	8	144940463	144940463	G	A	EPPK1	exonic	nonsynonymous	deleterious	6425	999	0	FALSE	0.134563577586207	33	89	Female	NA	CTRL	CTRL	Batch1+2
CTRL_038_S56	4	106164769	106164769	G	A	TET2	exonic	nonsynonymous	deleterious	451	6	0	TRUE	0.0131291028446389	33	72	Female	NA	CTRL	CTRL	Batch1+2
CTRL_039_S57	7	151962165	151962165	G	A	KMT2C	exonic	nonsynonymous	deleterious	2292	128	0	FALSE	0.0528925619834711	33	71	Male	NA	CTRL	CTRL	Batch1+2
CTRL_039_S57	16	739514	739514	C	T	WDR24	exonic	nonsynonymous	deleterious	1144	4	0	FALSE	0.00348432055749129	33	71	Male	NA	CTRL	CTRL	Batch1+2
CTRL_039_S57	7	55221774	55221774	C	T	EGFR	exonic	nonsynonymous	neutral	988	10	0	FALSE	0.0100200400801603	33	71	Male	NA	CTRL	CTRL	Batch1+2
CTRL_040_S58	17	7578394	7578394	T	C	TP53	exonic	nonsynonymous	deleterious	901	25	0	TRUE	0.0269978401727862	34	61	Female	NA	CTRL	CTRL	Batch1+2
CTRL_040_S58	1	78429973	78429973	T	C	FUBP1	exonic	synonymous	neutral	547	4	0	FALSE	0.00725952813067151	34	61	Female	NA	CTRL	CTRL	Batch1+2
CTRL_040_S58	12	49435860	49435860	T	C	KMT2D	intronic	NA	neutral	830	4	0	FALSE	0.00479616306954436	34	61	Female	NA	CTRL	CTRL	Batch1+2
CTRL_042_S60	19	15299873	15299873	A	G	NOTCH3	exonic	synonymous	neutral	1381	4	0	FALSE	0.00288808664259928	33	73	Female	NA	CTRL	CTRL	Batch1+2
CTRL_042_S60	8	144940659	144940659	G	A	EPPK1	exonic	nonsynonymous	deleterious	3176	279	0	FALSE	0.0807525325615051	33	73	Female	NA	CTRL	CTRL	Batch1+2
CTRL_042_S60	16	68835630	68835630	G	A	CDH1	exonic	nonsynonymous	deleterious	677	5	3.229e-05	FALSE	0.00733137829912024	33	73	Female	NA	CTRL	CTRL	Batch1+2
CTRL_042_S60	8	144941337	144941337	T	C	EPPK1	exonic	nonsynonymous	neutral	1391	4	0	FALSE	0.0028673835125448	33	73	Female	NA	CTRL	CTRL	Batch1+2
CTRL_045_S61	2	25464426	25464426	C	T	DNMT3A	intronic	NA	neutral	906	4	0	FALSE	0.0043956043956044	33	71	Male	NA	CTRL	CTRL	Batch1+2
CTRL_047_S62	10	123324074	123324074	A	C	FGFR2	exonic	nonsynonymous	deleterious	380	8	0	FALSE	0.0206185567010309	34	68	Female	NA	CTRL	CTRL	Batch1+2
CTRL_050_S65	17	29483056	29483056	A	G	NF1	exonic	nonsynonymous	deleterious	326	4	0	FALSE	0.0121212121212121	33	76	Female	NA	CTRL	CTRL	Batch1+2
CTRL_050_S65	20	31022882	31022882	T	A	ASXL1	exonic	stopgain	deleterious	1059	5	0	TRUE	0.00469924812030075	33	76	Female	NA	CTRL	CTRL	Batch1+2
CTRL_050_S65	2	212251607	212251607	A	G	ERBB4	exonic	nonsynonymous	neutral	342	111	0	FALSE	0.245033112582781	33	76	Female	NA	CTRL	CTRL	Batch1+2
CTRL_050_S65	X	123184092	123184092	A	G	STAG2	exonic	nonsynonymous	neutral	895	4	0	FALSE	0.00444938820912125	33	76	Female	NA	CTRL	CTRL	Batch1+2
CTRL_051_S66	20	31024678	31024678	C	T	ASXL1	exonic	nonsynonymous	neutral	909	4	0	FALSE	0.00438116100766703	33	80	Female	NA	CTRL	CTRL	Batch1+2
CTRL_051_S66	12	121438904	121438904	A	G	HNF1A	exonic	nonsynonymous	neutral	719	4	0	FALSE	0.00553250345781466	33	80	Female	NA	CTRL	CTRL	Batch1+2
CTRL_055_S69	1	11294287	11294287	T	A	MTOR	exonic	nonsynonymous	deleterious	513	6	0	FALSE	0.0115606936416185	33	89	Female	NA	CTRL	CTRL	Batch1+2
CTRL_056_S70	11	108218042	108218042	A	C	ATM	exonic	nonsynonymous	deleterious	321	10	0	FALSE	0.0302114803625378	34	79	Male	NA	CTRL	CTRL	Batch1+2
CTRL_062_S72	7	7635965	7635965	T	C	MIOS	exonic	synonymous	neutral	581	4	0	FALSE	0.00683760683760684	33	78	Female	NA	CTRL	CTRL	Batch1+2
CTRL_064_S74	20	31022712	31022712	C	T	ASXL1	exonic	stopgain	deleterious	1510	4	0	TRUE	0.00264200792602378	33	71	Male	NA	CTRL	CTRL	Batch1+2
CTRL_067_S77	19	15276196	15276196	T	C	NOTCH3	exonic	nonsynonymous	deleterious	742	4	0	FALSE	0.00536193029490617	34	68	Male	NA	CTRL	CTRL	Batch1+2
CTRL_067_S77	7	151927093	151927093	C	A	KMT2C	exonic	nonsynonymous	deleterious	508	28	0	FALSE	0.0522388059701493	34	68	Male	NA	CTRL	CTRL	Batch1+2
CTRL_067_S77	3	47127718	47127718	G	A	SETD2	exonic	synonymous	neutral	391	5	9.692e-05	FALSE	0.0126262626262626	34	68	Male	NA	CTRL	CTRL	Batch1+2
CTRL_070_S79	12	49440503	49440503	G	A	KMT2D	exonic	nonsynonymous	deleterious	875	4	0	FALSE	0.00455062571103527	33	71	Female	NA	CTRL	CTRL	Batch1+2
CTRL_079_S81	2	25470532	25470532	C	T	DNMT3A	exonic	stopgain	deleterious	477	4	0	TRUE	0.00831600831600832	34	77	Female	NA	CTRL	CTRL	Batch1+2
CTRL_080_S82	2	25463554	25463554	A	T	DNMT3A	exonic	nonsynonymous	deleterious	878	4	0	TRUE	0.00453514739229025	33	91	Female	NA	CTRL	CTRL_old	Batch1+2
CTRL_081_S83	7	151873838	151873838	T	C	KMT2C	exonic	synonymous	neutral	1177	11	0	FALSE	0.00925925925925926	33	92	Female	NA	CTRL	CTRL_old	Batch1+2
CTRL_081_S83	4	55984793	55984793	C	A	KDR	exonic	synonymous	neutral	385	6	0	FALSE	0.0153452685421995	33	92	Female	NA	CTRL	CTRL_old	Batch1+2
CTRL_084_S84	7	151962183	151962183	A	T	KMT2C	exonic	nonsynonymous	deleterious	2426	100	0	FALSE	0.0395882818685669	33	94	Female	NA	CTRL	CTRL_old	Batch1+2
CTRL_092_S89	8	144940614	144940614	C	A	EPPK1	exonic	nonsynonymous	deleterious	5299	476	0	FALSE	0.0824242424242424	34	94	Male	NA	CTRL	CTRL_old	Batch1+2
CTRL_100_S92	7	151970765	151970765	A	G	KMT2C	intronic	NA	neutral	275	52	0	FALSE	0.159021406727829	33	89	Male	NA	CTRL	CTRL	Batch1+2
CTRL_100_S92	7	151945073	151945073	A	T	KMT2C	exonic	nonsynonymous	deleterious	2227	164	0	FALSE	0.068590547887913	33	89	Male	NA	CTRL	CTRL	Batch1+2
CTRL_100_S92	2	29519740	29519740	T	G	ALK	intronic	NA	neutral	743	4	0	FALSE	0.00535475234270415	33	89	Male	NA	CTRL	CTRL	Batch1+2
CTRL_101_S93	4	55979530	55979530	G	A	KDR	exonic	nonsynonymous	neutral	615	6	0	FALSE	0.00966183574879227	33	83	Female	NA	CTRL	CTRL	Batch1+2
CTRL_104_S95	12	112893772	112893772	A	G	PTPN11	exonic	nonsynonymous	neutral	251	6	0	FALSE	0.0233463035019455	33	82	Female	NA	CTRL	CTRL	Batch1+2
CTRL_104_S95	X	66909456	66909456	T	A	AR	intronic	NA	neutral	417	4	0	FALSE	0.00950118764845606	33	82	Female	NA	CTRL	CTRL	Batch1+2
CTRL_104_S95	5	67591166	67591166	A	G	PIK3R1	intronic	NA	neutral	471	5	0	FALSE	0.0105042016806723	33	82	Female	NA	CTRL	CTRL	Batch1+2
CTRL_107_S97	4	106182926	106182926	T	A	TET2	exonic	nonsynonymous	deleterious	155	4	0	TRUE	0.0251572327044025	34	84	Female	NA	CTRL	CTRL	Batch1+2
CTRL_107_S97	8	144946716	144946716	G	A	EPPK1	exonic	nonsynonymous	neutral	1248	4	6.466e-05	FALSE	0.00319488817891374	34	84	Female	NA	CTRL	CTRL	Batch1+2
CTRL_113_S100	12	49448487	49448487	C	G	KMT2D	exonic	nonsynonymous	deleterious	446	4	0	FALSE	0.00888888888888889	33	82	Male	NA	CTRL	CTRL	Batch1+2
CTRL_113_S100	14	95572438	95572438	T	C	DICER1	exonic	nonsynonymous	deleterious	369	4	0	FALSE	0.0107238605898123	33	82	Male	NA	CTRL	CTRL	Batch1+2
CTRL_115_S102	2	25466852	25466852	C	T	DNMT3A	splicing	NA	deleterious	828	49	0	TRUE	0.0558722919042189	33	76	Female	NA	CTRL	CTRL	Batch1+2
CTRL_115_S102	2	25467436	25467436	A	C	DNMT3A	exonic	nonsynonymous	deleterious	1453	26	0	TRUE	0.017579445571332	33	76	Female	NA	CTRL	CTRL	Batch1+2
CTRL_116_S103	12	68708898	68708898	A	T	MDM1	exonic	synonymous	neutral	378	4	0	FALSE	0.0104712041884817	33	83	Female	NA	CTRL	CTRL	Batch1+2
CTRL_116_S103	8	144940503	144940503	C	T	EPPK1	exonic	nonsynonymous	deleterious	4676	320	0	FALSE	0.0640512409927942	33	83	Female	NA	CTRL	CTRL	Batch1+2
CTRL_116_S103	7	116397589	116397589	A	G	MET	exonic	nonsynonymous	deleterious	302	4	0	FALSE	0.0130718954248366	33	83	Female	NA	CTRL	CTRL	Batch1+2
CTRL_117_S104	17	29557401	29557401	G	A	NF1	splicing	NA	deleterious	337	16	0	FALSE	0.0453257790368272	33	89	Female	NA	CTRL	CTRL	Batch1+2
CTRL_117_S104	7	151835984	151835984	A	T	KMT2C	exonic	nonsynonymous	deleterious	289	5	0	FALSE	0.0170068027210884	33	89	Female	NA	CTRL	CTRL	Batch1+2
CTRL_117_S104	9	98240410	98240410	G	A	PTCH1	exonic	nonsynonymous	deleterious	704	6	0	FALSE	0.00845070422535211	33	89	Female	NA	CTRL	CTRL	Batch1+2
CTRL_117_S104	2	212426771	212426771	G	A	ERBB4	exonic	nonsynonymous	deleterious	519	8	6.46e-05	FALSE	0.015180265654649	33	89	Female	NA	CTRL	CTRL	Batch1+2
CTRL_117_S104	3	50386975	50386975	G	C	NPRL2	intronic	NA	neutral	489	4	0	FALSE	0.00811359026369168	33	89	Female	NA	CTRL	CTRL	Batch1+2
CTRL_120_S106	4	106193731	106193731	T	A	TET2	exonic	nonsynonymous	deleterious	136	5	0	TRUE	0.0354609929078014	33	78	Male	NA	CTRL	CTRL	Batch1+2
CTRL_121_S107	X	66943620	66943620	C	G	AR	exonic	nonsynonymous	deleterious	1391	22	0	FALSE	0.0155697098372258	34	82	Female	NA	CTRL	CTRL	Batch1+2
CTRL_121_S107	9	135772670	135772670	T	C	TSC1	exonic	nonsynonymous	deleterious	550	19	0	FALSE	0.0333919156414763	34	82	Female	NA	CTRL	CTRL	Batch1+2
CTRL_122_S108	8	144940503	144940503	C	T	EPPK1	exonic	nonsynonymous	deleterious	4930	294	0	FALSE	0.0562787136294028	33	68	Female	NA	CTRL	CTRL	Batch1+2
CTRL_123_S109	3	47165396	47165396	T	C	SETD2	exonic	nonsynonymous	neutral	635	4	0	FALSE	0.00625978090766823	33	69	Female	NA	CTRL	CTRL	Batch1+2
CTRL_123_S109	9	98220393	98220393	G	C	PTCH1	exonic	nonsynonymous	deleterious	830	7	0	FALSE	0.00836320191158901	33	69	Female	NA	CTRL	CTRL	Batch1+2
CTRL_125_S110	2	25470556	25470556	C	T	DNMT3A	exonic	stopgain	deleterious	632	4	0	TRUE	0.00628930817610063	33	80	Female	NA	CTRL	CTRL	Batch1+2
CTRL_126_S111	2	25462083	25462083	G	T	DNMT3A	exonic	nonsynonymous	deleterious	316	4	0	FALSE	0.0125	33	94	Female	NA	CTRL	CTRL_old	Batch1+2
CTRL_127_S112	15	38643742	38643742	G	A	SPRED1	exonic	stopgain	deleterious	1141	8	0	FALSE	0.00696257615317668	33	75	Female	NA	CTRL	CTRL	Batch1+2
CTRL_128_S113	19	3119250	3119250	A	G	GNA11	exonic	nonsynonymous	deleterious	359	4	3.241e-05	FALSE	0.0110192837465565	34	76	Female	NA	CTRL	CTRL	Batch1+2
CTRL_130_S114	8	144940577	144940577	G	T	EPPK1	exonic	stopgain	deleterious	3239	272	0	FALSE	0.0774708060381658	34	77	Female	NA	CTRL	CTRL	Batch1+2
CTRL_131_S115	17	29654728	29654728	T	A	NF1	exonic	nonsynonymous	deleterious	638	18	0	FALSE	0.0274390243902439	33	76	Female	NA	CTRL	CTRL	Batch1+2
CTRL_132_S116	X	70346241	70346241	A	C	MED12	exonic	synonymous	neutral	929	18	0	FALSE	0.0190073917634636	33	68	Female	NA	CTRL	CTRL	Batch1+2
CTRL_133_S117	4	55144077	55144077	A	G	PDGFRA	exonic	nonsynonymous	deleterious	404	5	0	FALSE	0.0122249388753056	33	88	Female	NA	CTRL	CTRL	Batch1+2
CTRL_137_S120	4	153332727	153332727	A	G	FBXW7	exonic	synonymous	neutral	1393	7	0	FALSE	0.005	33	81	Female	NA	CTRL	CTRL	Batch1+2
CTRL_137_S120	2	198264850	198264850	T	C	SF3B1	exonic	nonsynonymous	deleterious	1097	4	0	FALSE	0.0036330608537693	33	81	Female	NA	CTRL	CTRL	Batch1+2
CTRL_137_S120	11	108186773	108186773	A	G	ATM	exonic	nonsynonymous	neutral	1783	5	0	FALSE	0.00279642058165548	33	81	Female	NA	CTRL	CTRL	Batch1+2
CTRL_140_S122	5	170820015	170820015	C	T	NPM1	intronic	NA	neutral	77	23	6.464e-05	FALSE	0.23	33	77	Female	NA	CTRL	CTRL	Batch1+2
CTRL_140_S122	16	735680	735680	G	A	WDR24	exonic	synonymous	neutral	801	4	0	FALSE	0.00496894409937888	33	77	Female	NA	CTRL	CTRL	Batch1+2
CTRL_141_S123	7	42004138	42004138	G	A	GLI3	exonic	synonymous	neutral	1167	27	9.686e-05	FALSE	0.0226130653266332	34	83	Male	NA	CTRL	CTRL	Batch1+2
CTRL_145_S127	8	144941457	144941457	G	A	EPPK1	exonic	synonymous	neutral	497	49	0	FALSE	0.0897435897435897	34	78	Female	NA	CTRL	CTRL	Batch1+2
CTRL_145_S127	7	151962266	151962266	G	A	KMT2C	exonic	synonymous	neutral	829	62	0	FALSE	0.0695847362514029	34	78	Female	NA	CTRL	CTRL	Batch1+2
CTRL_145_S127	2	25467485	25467485	C	T	DNMT3A	exonic	nonsynonymous	deleterious	616	4	0	TRUE	0.00645161290322581	34	78	Female	NA	CTRL	CTRL	Batch1+2
CTRL_145_S127	8	144940614	144940614	C	A	EPPK1	exonic	nonsynonymous	deleterious	3066	249	0	FALSE	0.0751131221719457	34	78	Female	NA	CTRL	CTRL	Batch1+2
CTRL_146_S128	17	40491319	40491319	T	C	STAT3	intronic	NA	neutral	267	6	0	FALSE	0.021978021978022	33	91	Female	NA	CTRL	CTRL_old	Batch1+2
CTRL_154_S131	3	52643924	52643924	T	C	PBRM1	exonic	nonsynonymous	neutral	217	9	0	FALSE	0.0398230088495575	33	82	Female	NA	CTRL	CTRL	Batch1+2
CTRL_154_S131	2	25463168	25463168	T	C	DNMT3A	intronic	NA	neutral	269	7	0	FALSE	0.0253623188405797	33	82	Female	NA	CTRL	CTRL	Batch1+2
CTRL_155_S132	2	25457164	25457164	T	C	DNMT3A	exonic	nonsynonymous	deleterious	377	20	0	TRUE	0.0503778337531486	33	88	Female	NA	CTRL	CTRL	Batch1+2
CTRL_155_S132	2	25463299	25463299	A	T	DNMT3A	exonic	nonsynonymous	deleterious	266	9	0	TRUE	0.0327272727272727	33	88	Female	NA	CTRL	CTRL	Batch1+2
CTRL_159_S135	2	212543870	212543870	T	A	ERBB4	exonic	nonsynonymous	neutral	510	4	0	FALSE	0.00778210116731518	33	75	Female	NA	CTRL	CTRL	Batch1+2
CTRL_159_S135	2	25467408	25467408	C	T	DNMT3A	splicing	NA	deleterious	602	14	0	TRUE	0.0227272727272727	33	75	Female	NA	CTRL	CTRL	Batch1+2
CTRL_159_S135	16	2098686	2098686	C	G	TSC2	exonic	nonsynonymous	neutral	602	4	0	FALSE	0.0066006600660066	33	75	Female	NA	CTRL	CTRL	Batch1+2
CTRL_163_S138	1	11319341	11319341	C	T	MTOR	exonic	synonymous	neutral	678	4	0	FALSE	0.00586510263929619	33	77	Female	NA	CTRL	CTRL	Batch1+2
CTRL_165_S139	12	49440479	49440479	A	T	KMT2D	exonic	nonsynonymous	deleterious	605	8	0	FALSE	0.0130505709624796	34	82	Female	NA	CTRL	CTRL	Batch1+2
CTRL_166_S140	16	2137994	2137994	C	G	TSC2	intronic	NA	neutral	330	4	0	FALSE	0.0119760479041916	33	84	Male	NA	CTRL	CTRL	Batch1+2
CTRL_166_S140	16	2137996	2137996	T	G	TSC2	intronic	NA	neutral	349	4	0	FALSE	0.0113314447592068	33	84	Male	NA	CTRL	CTRL	Batch1+2
CTRL_166_S140	16	2137990	2137990	G	T	TSC2	intronic	NA	neutral	311	4	0	FALSE	0.0126984126984127	33	84	Male	NA	CTRL	CTRL	Batch1+2
CTRL_166_S140	16	2137978	2137978	T	G	TSC2	intronic	NA	neutral	253	4	0	FALSE	0.0155642023346304	33	84	Male	NA	CTRL	CTRL	Batch1+2
CTRL_166_S140	16	2137999	2137999	A	C	TSC2	intronic	NA	neutral	372	4	0	FALSE	0.0106382978723404	33	84	Male	NA	CTRL	CTRL	Batch1+2
CTRL_166_S140	16	2137988	2137988	T	C	TSC2	intronic	NA	neutral	282	4	0	FALSE	0.013986013986014	33	84	Male	NA	CTRL	CTRL	Batch1+2
CTRL_166_S140	16	2137975	2137975	A	C	TSC2	intronic	NA	neutral	243	4	0	FALSE	0.0161943319838057	33	84	Male	NA	CTRL	CTRL	Batch1+2
CTRL_166_S140	16	2137970	2137970	A	G	TSC2	intronic	NA	neutral	232	4	3.253e-05	FALSE	0.0169491525423729	33	84	Male	NA	CTRL	CTRL	Batch1+2
CTRL_166_S140	16	2137973	2137973	A	G	TSC2	intronic	NA	neutral	236	4	0	FALSE	0.0166666666666667	33	84	Male	NA	CTRL	CTRL	Batch1+2
CTRL_166_S140	16	2137977	2137977	G	A	TSC2	intronic	NA	neutral	241	4	0	FALSE	0.0163265306122449	33	84	Male	NA	CTRL	CTRL	Batch1+2
CTRL_166_S140	6	138197304	138197304	G	C	TNFAIP3	splicing	NA	deleterious	829	8	0	FALSE	0.00955794504181601	33	84	Male	NA	CTRL	CTRL	Batch1+2
CTRL_166_S140	4	106155946	106155946	G	T	TET2	exonic	stopgain	deleterious	1752	7	0	TRUE	0.00397953382603752	33	84	Male	NA	CTRL	CTRL	Batch1+2
CTRL_166_S140	16	2137974	2137974	A	C	TSC2	intronic	NA	neutral	240	4	0	FALSE	0.0163934426229508	33	84	Male	NA	CTRL	CTRL	Batch1+2
CTRL_172_S146	9	133753840	133753840	A	C	ABL1	exonic	nonsynonymous	deleterious	486	11	0	FALSE	0.0221327967806841	33	91	Female	NA	CTRL	CTRL_old	Batch1+2
CTRL_173_S147	20	31024555	31024555	G	A	ASXL1	exonic	nonsynonymous	neutral	796	10	0	FALSE	0.0124069478908189	33	72	Male	NA	CTRL	CTRL	Batch1+2
CTRL_175_S149	10	89624195	89624195	C	A	PTEN	exonic	nonsynonymous	neutral	939	4	0	FALSE	0.00424178154825027	33	65	Male	NA	CTRL	CTRL	Batch1+2
CTRL_175_S149	2	212426757	212426757	C	A	ERBB4	exonic	synonymous	neutral	1178	4	0	FALSE	0.00338409475465313	33	65	Male	NA	CTRL	CTRL	Batch1+2
CTRL_176_S150	2	25464526	25464526	A	G	DNMT3A	exonic	nonsynonymous	deleterious	904	5	0	FALSE	0.0055005500550055	34	73	Female	NA	CTRL	CTRL	Batch1+2
CTRL_177_S151	19	18279960	18279960	G	A	PIK3R2	exonic	synonymous	neutral	836	6	0	FALSE	0.00712589073634204	33	86	Male	NA	CTRL	CTRL	Batch1+2
CTRL_179_S152	10	43598005	43598005	T	C	RET	exonic	nonsynonymous	neutral	519	60	0	FALSE	0.103626943005181	33	84	Female	NA	CTRL	CTRL	Batch1+2
CTRL_179_S152	1	43818367	43818367	C	T	MPL	exonic	nonsynonymous	deleterious	885	4	0	FALSE	0.00449943757030371	33	84	Female	NA	CTRL	CTRL	Batch1+2
CTRL_186_S156	10	43608391	43608391	T	A	RET	exonic	nonsynonymous	deleterious	875	14	0	FALSE	0.015748031496063	33	76	Female	NA	CTRL	CTRL	Batch1+2
CTRL_188_S158	X	70352343	70352343	T	G	MED12	exonic	nonsynonymous	deleterious	1350	4	0	FALSE	0.00295420974889217	34	75	Female	NA	CTRL	CTRL	Batch1+2
CTRL_189_S159	12	49443609	49443609	C	T	KMT2D	exonic	synonymous	neutral	736	4	0	FALSE	0.00540540540540541	33	76	Female	NA	CTRL	CTRL	Batch1+2
CTRL_191_S160	15	38591595	38591595	A	G	SPRED1	exonic	synonymous	neutral	495	4	0	FALSE	0.00801603206412826	34	82	Female	NA	CTRL	CTRL	Batch1+2
CTRL_193_S161	19	47111631	47111631	C	G	CALM3	intronic	NA	neutral	562	6	0	FALSE	0.0105633802816901	33	80	Male	NA	CTRL	CTRL	Batch1+2
CTRL_194_S162	7	151845321	151845321	T	A	KMT2C	exonic	nonsynonymous	neutral	1109	7	0	FALSE	0.00627240143369176	34	90	Female	NA	CTRL	CTRL	Batch1+2
CTRL_194_S162	12	49420282	49420282	T	C	KMT2D	exonic	nonsynonymous	deleterious	927	4	0	FALSE	0.00429645542427497	34	90	Female	NA	CTRL	CTRL	Batch1+2
CTRL_194_S162	8	144940380	144940380	C	T	EPPK1	exonic	nonsynonymous	neutral	3032	153	0	FALSE	0.0480376766091052	34	90	Female	NA	CTRL	CTRL	Batch1+2
CTRL_199_S164	12	49426433	49426433	G	T	KMT2D	exonic	nonsynonymous	deleterious	696	4	0	FALSE	0.00571428571428571	33	72	Male	NA	CTRL	CTRL	Batch1+2
CTRL_200_S165	17	40354787	40354787	T	A	STAT5B	exonic	nonsynonymous	neutral	201	12	0	FALSE	0.0563380281690141	33	78	Male	NA	CTRL	CTRL	Batch1+2
CTRL_202_S166	2	25467408	25467408	C	T	DNMT3A	splicing	NA	deleterious	971	5	0	TRUE	0.00512295081967213	34	82	Female	NA	CTRL	CTRL	Batch1+2
CTRL_202_S166	2	25458696	25458696	T	C	DNMT3A	splicing	NA	deleterious	635	4	0	TRUE	0.00625978090766823	34	82	Female	NA	CTRL	CTRL	Batch1+2
CTRL_202_S166	3	47139547	47139547	G	A	SETD2	exonic	synonymous	neutral	889	4	3.229e-05	FALSE	0.00447928331466965	34	82	Female	NA	CTRL	CTRL	Batch1+2
CTRL_203_S167	11	108106416	108106416	T	G	ATM	exonic	nonsynonymous	deleterious	1061	5	0	FALSE	0.00469043151969981	34	80	Female	NA	CTRL	CTRL	Batch1+2
CTRL_203_S167	12	49448168	49448168	T	C	KMT2D	exonic	synonymous	neutral	2186	6	0	FALSE	0.00273722627737226	34	80	Female	NA	CTRL	CTRL	Batch1+2
CTRL_207_S170	7	151962292	151962292	T	C	KMT2C	exonic	nonsynonymous	deleterious	276	8	0	FALSE	0.028169014084507	33	73	Male	NA	CTRL	CTRL	Batch1+2
CTRL_207_S170	19	15276276	15276276	G	T	NOTCH3	exonic	synonymous	neutral	667	18	0	FALSE	0.0262773722627737	33	73	Male	NA	CTRL	CTRL	Batch1+2
CTRL_212_S173	22	29091238	29091238	T	C	CHEK2	intronic	NA	neutral	433	6	0	FALSE	0.0136674259681093	34	61	Female	NA	CTRL	CTRL	Batch1+2
CTRL_212_S173	19	15297634	15297634	C	T	NOTCH3	intronic	NA	neutral	947	4	0	FALSE	0.00420609884332282	34	61	Female	NA	CTRL	CTRL	Batch1+2
CTRL_212_S173	17	40474461	40474461	T	G	STAT3	exonic	nonsynonymous	neutral	1008	4	0	FALSE	0.00395256916996047	34	61	Female	NA	CTRL	CTRL	Batch1+2
CTRL_214_S174	4	106163955	106163955	A	G	TET2-AS1	ncRNA_intronic	NA	neutral	523	4	0	FALSE	0.00759013282732448	34	77	Female	NA	CTRL	CTRL	Batch1+2
CTRL_214_S174	1	193094376	193094376	C	T	CDC73	intronic	NA	neutral	419	4	0	FALSE	0.00945626477541371	34	77	Female	NA	CTRL	CTRL	Batch1+2
CTRL_214_S174	18	12971210	12971210	A	C	SEH1L	exonic	nonsynonymous	neutral	962	4	0	FALSE	0.0041407867494824	34	77	Female	NA	CTRL	CTRL	Batch1+2
CTRL_214_S174	2	212252678	212252678	T	A	ERBB4	exonic	nonsynonymous	neutral	777	4	0	FALSE	0.00512163892445583	34	77	Female	NA	CTRL	CTRL	Batch1+2
CTRL_215_S175	16	739441	739441	A	G	WDR24	exonic	nonsynonymous	neutral	875	15	0	FALSE	0.0168539325842697	34	78	Female	NA	CTRL	CTRL	Batch1+2
CTRL_217_S176	10	89725223	89725223	A	G	PTEN	exonic	synonymous	neutral	114	9	0	FALSE	0.0731707317073171	33	70	Male	NA	CTRL	CTRL	Batch1+2
CTRL_220_S178	2	25462068	25462068	A	G	DNMT3A	exonic	nonsynonymous	deleterious	455	4	3.23e-05	TRUE	0.00871459694989107	33	65	Male	NA	CTRL	CTRL	Batch1+2
CTRL_221_S179	11	32438083	32438083	A	G	WT1	exonic	synonymous	neutral	81	30	0	FALSE	0.27027027027027	33	88	Female	NA	CTRL	CTRL	Batch1+2
CTRL_221_S179	19	39104581	39104581	T	C	MAP4K1	exonic	nonsynonymous	neutral	271	4	0	FALSE	0.0145454545454545	33	88	Female	NA	CTRL	CTRL	Batch1+2
CTRL_221_S179	8	144940503	144940503	C	T	EPPK1	exonic	nonsynonymous	deleterious	5461	431	0	FALSE	0.0731500339443313	33	88	Female	NA	CTRL	CTRL	Batch1+2
CTRL_222_S180	9	80336249	80336249	T	C	GNAQ	exonic	nonsynonymous	deleterious	165	8	0	FALSE	0.046242774566474	33	75	Female	NA	CTRL	CTRL	Batch1+2
CTRL_222_S180	11	108206607	108206607	A	G	ATM	exonic	synonymous	neutral	204	6	0	FALSE	0.0285714285714286	33	75	Female	NA	CTRL	CTRL	Batch1+2
CTRL_226_S181	5	112175313	112175313	G	A	APC	exonic	nonsynonymous	neutral	338	6	0	FALSE	0.0174418604651163	34	95	Male	NA	CTRL	CTRL_old	Batch1+2
CTRL_226_S181	22	29121269	29121269	A	G	CHEK2	exonic	nonsynonymous	deleterious	360	23	0	FALSE	0.0600522193211488	34	95	Male	NA	CTRL	CTRL_old	Batch1+2
CTRL_231_S185	12	68721196	68721196	C	G	MDM1	UTR3	NA	neutral	315	7	0	FALSE	0.0217391304347826	33	92	Male	NA	CTRL	CTRL_old	Batch1+2
CTRL_231_S185	12	121435462	121435462	C	T	HNF1A	exonic	nonsynonymous	neutral	2013	167	0	FALSE	0.076605504587156	33	92	Male	NA	CTRL	CTRL_old	Batch1+2
CTRL_231_S185	22	32289773	32289773	T	A	DEPDC5	intronic	NA	neutral	902	9	0	FALSE	0.00987925356750823	33	92	Male	NA	CTRL	CTRL_old	Batch1+2
CTRL_231_S185	7	151970795	151970795	T	C	KMT2C	exonic	nonsynonymous	neutral	1288	82	0	FALSE	0.0598540145985401	33	92	Male	NA	CTRL	CTRL_old	Batch1+2
CTRL_233_S186	8	144940380	144940380	C	T	EPPK1	exonic	nonsynonymous	neutral	4842	282	0	FALSE	0.0550351288056206	33	70	Female	NA	CTRL	CTRL	Batch1+2
CTRL_234_S187	4	106156747	106156747	C	T	TET2	exonic	stopgain	deleterious	548	61	0	TRUE	0.100164203612479	34	81	Male	NA	CTRL	CTRL	Batch1+2
CTRL_235_S188	7	151962153	151962153	C	A	KMT2C	exonic	nonsynonymous	deleterious	2619	135	0	FALSE	0.0490196078431373	33	81	Male	NA	CTRL	CTRL	Batch1+2
CTRL_235_S188	2	212248671	212248671	T	G	ERBB4	exonic	nonsynonymous	neutral	809	4	0	FALSE	0.00492004920049201	33	81	Male	NA	CTRL	CTRL	Batch1+2
CTRL_238_S191	1	11194468	11194468	T	C	MTOR	exonic	nonsynonymous	neutral	731	5	0	FALSE	0.00679347826086957	33	92	Male	NA	CTRL	CTRL_old	Batch1+2
CTRL_238_S191	6	138197304	138197304	G	T	TNFAIP3	splicing	NA	deleterious	363	5	0	FALSE	0.0135869565217391	33	92	Male	NA	CTRL	CTRL_old	Batch1+2
CTRL_238_S191	20	51872569	51872569	G	A	TSHZ2	exonic	nonsynonymous	deleterious	534	5	0	FALSE	0.00927643784786642	33	92	Male	NA	CTRL	CTRL_old	Batch1+2
CTRL_241_S194	7	151970779	151970779	A	G	KMT2C	intronic	NA	neutral	353	16	0	FALSE	0.043360433604336	34	69	Female	NA	CTRL	CTRL	Batch1+2
CTRL_241_S194	1	1747228	1747228	T	A	GNB1	exonic	nonsynonymous	deleterious	743	6	0	TRUE	0.00801068090787717	34	69	Female	NA	CTRL	CTRL	Batch1+2
CTRL_241_S194	19	47109134	47109134	C	T	CALM3	intronic	NA	neutral	399	4	0	FALSE	0.00992555831265509	34	69	Female	NA	CTRL	CTRL	Batch1+2
CTRL_245_S195	22	29092956	29092956	A	G	CHEK2	exonic	nonsynonymous	deleterious	767	59	0	FALSE	0.0714285714285714	33	97	Female	NA	CTRL	CTRL_old	Batch1+2
CTRL_245_S195	19	15302501	15302501	T	A	NOTCH3	intronic	NA	neutral	1467	4	0	FALSE	0.00271923861318831	33	97	Female	NA	CTRL	CTRL_old	Batch1+2
CTRL_248_S197	X	70348259	70348259	G	A	MED12	exonic	nonsynonymous	neutral	662	6	0	FALSE	0.00898203592814371	33	90	Male	NA	CTRL	CTRL	Batch1+2
CTRL_248_S197	7	55273182	55273182	A	C	EGFR	exonic	nonsynonymous	deleterious	1288	4	0	FALSE	0.00309597523219814	33	90	Male	NA	CTRL	CTRL	Batch1+2
CTRL_248_S197	9	98221916	98221916	G	A	PTCH1	exonic	synonymous	neutral	824	4	0	FALSE	0.00483091787439614	33	90	Male	NA	CTRL	CTRL	Batch1+2
RESEARCH_03_S86	17	40369275	40369275	T	C	STAT5B	exonic	nonsynonymous	deleterious	904	4	0	FALSE	0.00440528634361234	33	101.76	Female	NA	AD	AD	Batch4
RESEARCH_03_S86	X	123211859	123211859	A	T	STAG2	exonic	nonsynonymous	deleterious	317	4	0	FALSE	0.0124610591900312	33	101.76	Female	NA	AD	AD	Batch4
RESEARCH_03_S86	1	1737942	1737942	A	G	GNB1	exonic	nonsynonymous	deleterious	745	6	0	TRUE	0.00798934753661784	33	101.76	Female	NA	AD	AD	Batch4
RESEARCH_03_S86	9	133759792	133759792	C	T	ABL1	exonic	synonymous	neutral	829	5	0	FALSE	0.00599520383693046	33	101.76	Female	NA	AD	AD	Batch4
RESEARCH_09_S92	4	1803658	1803658	G	T	FGFR3	exonic	nonsynonymous	deleterious	940	4	0	FALSE	0.00423728813559322	33	80.37	Female	NA	CTRL	CTRL	Batch4
RESEARCH_09_S92	17	40369410	40369410	G	T	STAT5B	exonic	synonymous	neutral	988	4	0	FALSE	0.00403225806451613	33	80.37	Female	NA	CTRL	CTRL	Batch4
RESEARCH_09_S92	20	51872755	51872755	G	T	TSHZ2	exonic	nonsynonymous	deleterious	1015	4	0	FALSE	0.00392541707556428	33	80.37	Female	NA	CTRL	CTRL	Batch4
RESEARCH_09_S92	2	198267360	198267360	T	A	SF3B1	exonic	nonsynonymous	deleterious	492	202	0	FALSE	0.291066282420749	33	80.37	Female	NA	CTRL	CTRL	Batch4
RESEARCH_10_S93	8	144940444	144940444	C	T	EPPK1	exonic	synonymous	neutral	6096	490	0	FALSE	0.0744002429395688	33	80.42	Female	NA	CTRL	CTRL	Batch4
RESEARCH_10_S93	2	25463302	25463302	A	T	DNMT3A	exonic	nonsynonymous	deleterious	348	4	0	TRUE	0.0113636363636364	33	80.42	Female	NA	CTRL	CTRL	Batch4
RESEARCH_10_S93	17	66519020	66519020	A	G	PRKAR1A	exonic	nonsynonymous	deleterious	962	42	0	FALSE	0.0418326693227092	33	80.42	Female	NA	CTRL	CTRL	Batch4
RESEARCH_10_S93	4	1809042	1809042	C	A	FGFR3	UTR3	NA	deleterious	239	7	0	FALSE	0.0284552845528455	33	80.42	Female	NA	CTRL	CTRL	Batch4
RESEARCH_12_S95	7	116340263	116340263	C	G	MET	exonic	nonsynonymous	neutral	1149	28	0	FALSE	0.0237892948173322	34	81.17	Female	NA	CTRL	CTRL	Batch4
RESEARCH_12_S95	10	115529530	115529530	T	A	PLEKHS1	intronic	NA	neutral	459	11	3.229e-05	FALSE	0.0234042553191489	34	81.17	Female	NA	CTRL	CTRL	Batch4
RESEARCH_12_S95	17	40375561	40375561	G	A	STAT5B	exonic	nonsynonymous	neutral	808	26	9.689e-05	FALSE	0.0311750599520384	34	81.17	Female	NA	CTRL	CTRL	Batch4
RESEARCH_12_S95	12	49444063	49444063	C	T	KMT2D	exonic	nonsynonymous	deleterious	354	9	0	FALSE	0.0247933884297521	34	81.17	Female	NA	CTRL	CTRL	Batch4
RESEARCH_12_S95	9	5080505	5080505	T	G	JAK2	intronic	NA	neutral	369	9	0	FALSE	0.0238095238095238	34	81.17	Female	NA	CTRL	CTRL	Batch4
RESEARCH_12_S95	11	112041151	112041151	C	A	TEX12	exonic	nonsynonymous	neutral	287	72	0	FALSE	0.200557103064067	34	81.17	Female	NA	CTRL	CTRL	Batch4
RESEARCH_13_S96	4	55958791	55958791	G	A	KDR	exonic	nonsynonymous	deleterious	618	8	0	FALSE	0.012779552715655	34	80.6	Female	NA	CTRL	CTRL	Batch4
RESEARCH_13_S96	6	138195980	138195980	A	G	TNFAIP3	splicing	NA	deleterious	556	4	0	FALSE	0.00714285714285714	34	80.6	Female	NA	CTRL	CTRL	Batch4
RESEARCH_13_S96	17	37880176	37880176	C	A	ERBB2	exonic	synonymous	neutral	551	5	0	FALSE	0.00899280575539568	34	80.6	Female	NA	CTRL	CTRL	Batch4
RESEARCH_13_S96	X	70350001	70350001	T	C	MED12	exonic	synonymous	neutral	836	21	0	FALSE	0.0245040840140023	34	80.6	Female	NA	CTRL	CTRL	Batch4
RESEARCH_13_S96	4	55602707	55602707	A	G	KIT	exonic	nonsynonymous	neutral	1003	6	0	FALSE	0.00594648166501487	34	80.6	Female	NA	CTRL	CTRL	Batch4
RESEARCH_15_S98	4	1808986	1808986	G	A	FGFR3	exonic	synonymous	deleterious	543	5	3.237e-05	FALSE	0.00912408759124088	33	79.24	Female	NA	AD	AD	Batch4
RESEARCH_15_S98	22	29121257	29121257	T	A	CHEK2	exonic	nonsynonymous	deleterious	1135	58	0	FALSE	0.0486169321039397	33	79.24	Female	NA	AD	AD	Batch4
RESEARCH_15_S98	19	42777098	42777098	G	T	CIC	exonic	nonsynonymous	neutral	1020	6	0	FALSE	0.00584795321637427	33	79.24	Female	NA	AD	AD	Batch4
RESEARCH_15_S98	16	74942828	74942828	A	G	WDR59	exonic	nonsynonymous	neutral	664	28	9.711e-05	FALSE	0.0404624277456647	33	79.24	Female	NA	AD	AD	Batch4
RESEARCH_15_S98	12	49431177	49431177	C	T	KMT2D	exonic	nonsynonymous	deleterious	655	4	0	FALSE	0.00606980273141123	33	79.24	Female	NA	AD	AD	Batch4
RESEARCH_19_S102	20	51872703	51872703	C	T	TSHZ2	exonic	synonymous	neutral	1115	4	0	FALSE	0.00357462019660411	34	78.25	Female	NA	AD	AD	Batch4
RESEARCH_19_S102	2	25459836	25459836	T	C	DNMT3A	exonic	nonsynonymous	deleterious	295	17	0	FALSE	0.0544871794871795	34	78.25	Female	NA	AD	AD	Batch4
RESEARCH_19_S102	4	106164866	106164866	A	G	TET2	exonic	nonsynonymous	deleterious	721	6	0	TRUE	0.00825309491059147	34	78.25	Female	NA	AD	AD	Batch4
RESEARCH_29_S112	2	29420379	29420379	T	C	ALK	intronic	NA	neutral	297	4	0	FALSE	0.0132890365448505	33	75.51	Female	NA	CTRL	CTRL	Batch4
RESEARCH_30_S113	12	49428604	49428604	C	T	KMT2D	exonic	nonsynonymous	deleterious	1143	4	0	FALSE	0.003487358326068	33	75.83	Female	NA	CTRL	CTRL	Batch4
RESEARCH_30_S113	3	47163312	47163312	A	T	SETD2	exonic	nonsynonymous	neutral	299	4	0	FALSE	0.0132013201320132	33	75.83	Female	NA	CTRL	CTRL	Batch4
RESEARCH_30_S113	16	2110689	2110689	G	A	TSC2	exonic	nonsynonymous	deleterious	1048	95	0	FALSE	0.0831146106736658	33	75.83	Female	NA	CTRL	CTRL	Batch4
RESEARCH_30_S113	2	29449812	29449812	C	A	ALK	exonic	nonsynonymous	neutral	1182	4	0	FALSE	0.00337268128161889	33	75.83	Female	NA	CTRL	CTRL	Batch4
RESEARCH_30_S113	2	25463577	25463577	T	A	DNMT3A	exonic	nonsynonymous	deleterious	932	4	0	TRUE	0.00427350427350427	33	75.83	Female	NA	CTRL	CTRL	Batch4
RESEARCH_30_S113	20	31022702	31022702	C	A	ASXL1	exonic	nonsynonymous	neutral	1246	4	0	FALSE	0.0032	33	75.83	Female	NA	CTRL	CTRL	Batch4
RESEARCH_30_S113	15	67479412	67479412	C	A	SMAD3	intronic	NA	neutral	868	4	0	FALSE	0.00458715596330275	33	75.83	Female	NA	CTRL	CTRL	Batch4
RESEARCH_30_S113	5	112173798	112173798	C	G	APC	exonic	stopgain	deleterious	328	4	0	FALSE	0.0120481927710843	33	75.83	Female	NA	CTRL	CTRL	Batch4
RESEARCH_37_S120	7	148511150	148511150	C	A	EZH2	exonic	nonsynonymous	deleterious	1207	4	0	FALSE	0.00330305532617671	33	73.58	Female	NA	CTRL	CTRL	Batch4
RESEARCH_37_S120	20	57430181	57430181	G	T	GNAS	exonic	nonsynonymous	neutral	937	14	0	FALSE	0.0147213459516299	33	73.58	Female	NA	CTRL	CTRL	Batch4
RESEARCH_38_S121	5	176721472	176721472	C	A	NSD1	exonic	nonsynonymous	deleterious	1494	5	0	FALSE	0.00333555703802535	33	73.94	Female	NA	CTRL	CTRL	Batch4
RESEARCH_38_S121	1	43815005	43815005	A	G	MPL	exonic	nonsynonymous	neutral	1032	4	0	FALSE	0.00386100386100386	33	73.94	Female	NA	CTRL	CTRL	Batch4
RESEARCH_38_S121	11	108121429	108121429	C	T	ATM	exonic	synonymous	neutral	255	4	0	FALSE	0.0154440154440154	33	73.94	Female	NA	CTRL	CTRL	Batch4
RESEARCH_39_S122	2	198281564	198281564	C	T	SF3B1	exonic	synonymous	neutral	463	4	3.228e-05	FALSE	0.00856531049250535	34	73.93	Male	NA	AD	AD	Batch4
RESEARCH_41_S124	19	42777501	42777501	A	C	CIC	exonic	synonymous	neutral	785	4	0	FALSE	0.00506970849176172	34	73.36	Male	NA	CTRL	CTRL	Batch4
RESEARCH_41_S124	8	144942303	144942303	A	G	EPPK1	exonic	nonsynonymous	neutral	1788	324	6.465e-05	FALSE	0.153409090909091	34	73.36	Male	NA	CTRL	CTRL	Batch4
RESEARCH_41_S124	8	144942454	144942454	A	G	EPPK1	exonic	synonymous	neutral	2082	8	9.707e-05	FALSE	0.00382775119617225	34	73.36	Male	NA	CTRL	CTRL	Batch4
RESEARCH_43_S126	12	49432038	49432038	T	C	KMT2D	exonic	nonsynonymous	deleterious	1344	4	0	FALSE	0.0029673590504451	33	73.57	Female	NA	CTRL	CTRL	Batch4
RESEARCH_43_S126	7	151962292	151962292	T	C	KMT2C	exonic	nonsynonymous	deleterious	554	18	0	FALSE	0.0314685314685315	33	73.57	Female	NA	CTRL	CTRL	Batch4
RESEARCH_45_S128	7	151962266	151962266	G	A	KMT2C	exonic	synonymous	neutral	1140	65	0	FALSE	0.0539419087136929	33	71.61	Female	NA	CTRL	CTRL	Batch4
RESEARCH_50_S133	3	178916692	178916692	C	A	PIK3CA	exonic	nonsynonymous	deleterious	266	4	0	FALSE	0.0148148148148148	33	76	Female	NA	CTRL	CTRL	Batch4
RESEARCH_61_S144	12	25378648	25378648	T	C	KRAS	exonic	nonsynonymous	deleterious	888	27	0	FALSE	0.0295081967213115	33	74	Male	NA	CTRL	CTRL	Batch4
RESEARCH_62_S145	17	7577548	7577548	C	T	TP53	exonic	nonsynonymous	deleterious	545	18	3.238e-05	TRUE	0.0319715808170515	33	75	Female	NA	AD	AD	Batch4
RESEARCH_62_S145	12	4406998	4406998	A	G	CCND2	intronic	NA	neutral	812	5	0	FALSE	0.00611995104039168	33	75	Female	NA	AD	AD	Batch4
RESEARCH_62_S145	5	56189392	56189392	C	G	MAP3K1	exonic	stopgain	deleterious	1032	23	0	FALSE	0.0218009478672986	33	75	Female	NA	AD	AD	Batch4
RESEARCH_63_S146	7	42005642	42005642	C	T	GLI3	exonic	nonsynonymous	deleterious	356	5	0	FALSE	0.0138504155124654	33	81	Female	NA	CTRL	CTRL	Batch4
RESEARCH_63_S146	2	25467491	25467491	C	T	DNMT3A	exonic	nonsynonymous	deleterious	826	27	0	TRUE	0.0316529894490035	33	81	Female	NA	CTRL	CTRL	Batch4
RESEARCH_64_S147	8	144945149	144945149	A	G	EPPK1	exonic	nonsynonymous	neutral	1461	9	0	FALSE	0.00612244897959184	33	78	Female	NA	CTRL	CTRL	Batch4
RESEARCH_64_S147	9	21974572	21974572	C	A	CDKN2A	exonic	nonsynonymous	neutral	492	4	0	FALSE	0.00806451612903226	33	78	Female	NA	CTRL	CTRL	Batch4
RESEARCH_64_S147	2	25463313	25463313	G	A	DNMT3A	exonic	nonsynonymous	deleterious	264	10	0	FALSE	0.0364963503649635	33	78	Female	NA	CTRL	CTRL	Batch4
RESEARCH_64_S147	5	112173805	112173805	A	G	APC	exonic	synonymous	neutral	1139	13	0	FALSE	0.0112847222222222	33	78	Female	NA	CTRL	CTRL	Batch4
RESEARCH_64_S147	4	1807254	1807254	C	T	FGFR3	intronic	NA	neutral	369	4	0	FALSE	0.0107238605898123	33	78	Female	NA	CTRL	CTRL	Batch4
RESEARCH_65_S148	5	112176485	112176485	A	G	APC	exonic	nonsynonymous	neutral	896	25	0	FALSE	0.0271444082519001	33	75	Male	NA	AD	AD	Batch4
RESEARCH_65_S148	10	43597989	43597989	C	T	RET	exonic	synonymous	neutral	992	4	0	FALSE	0.00401606425702811	33	75	Male	NA	AD	AD	Batch4
RESEARCH_65_S148	2	25464471	25464471	A	T	DNMT3A	exonic	nonsynonymous	deleterious	1080	6	0	TRUE	0.00552486187845304	33	75	Male	NA	AD	AD	Batch4
RESEARCH_65_S148	2	29445286	29445286	A	G	ALK	intronic	NA	neutral	320	4	0	FALSE	0.0123456790123457	33	75	Male	NA	AD	AD	Batch4
RESEARCH_66_S149	20	51872825	51872825	G	C	TSHZ2	exonic	nonsynonymous	deleterious	1366	4	0	FALSE	0.00291970802919708	33	89	Male	NA	AD	AD	Batch4
RESEARCH_66_S149	5	112175180	112175180	G	C	APC	exonic	nonsynonymous	neutral	937	4	0	FALSE	0.00425079702444208	33	89	Male	NA	AD	AD	Batch4
RESEARCH_66_S149	22	32194698	32194698	C	T	DEPDC5	intronic	NA	neutral	333	5	0	FALSE	0.014792899408284	33	89	Male	NA	AD	AD	Batch4
RESEARCH_66_S149	5	176563997	176563997	A	G	NSD1	intronic	NA	neutral	609	4	0	FALSE	0.0065252854812398	33	89	Male	NA	AD	AD	Batch4
RESEARCH_66_S149	7	55270244	55270244	T	C	EGFR	exonic	nonsynonymous	neutral	684	12	0	FALSE	0.0172413793103448	33	89	Male	NA	AD	AD	Batch4
RESEARCH_67_S150	4	1808526	1808526	G	A	FGFR3	intronic	NA	neutral	182	20	9.735e-05	FALSE	0.099009900990099	33	84	Female	NA	AD	AD	Batch4
RESEARCH_67_S150	1	11303185	11303185	C	G	MTOR	exonic	nonsynonymous	deleterious	482	4	0	FALSE	0.00823045267489712	33	84	Female	NA	AD	AD	Batch4
RESEARCH_68_S151	3	10345656	10345656	C	T	SEC13	intronic	NA	neutral	716	4	3.229e-05	FALSE	0.00555555555555556	34	71	Male	NA	CTRL	CTRL	Batch4
RESEARCH_68_S151	1	115251163	115251163	A	G	NRAS	exonic	nonsynonymous	deleterious	519	4	0	FALSE	0.00764818355640535	34	71	Male	NA	CTRL	CTRL	Batch4
RESEARCH_69_S152	2	25463244	25463244	G	C	DNMT3A	exonic	nonsynonymous	deleterious	274	4	0	TRUE	0.0143884892086331	33	78	Male	NA	AD	AD	Batch4
RESEARCH_69_S152	8	144940327	144940327	G	A	EPPK1	exonic	synonymous	neutral	2806	259	0	FALSE	0.0845024469820555	33	78	Male	NA	AD	AD	Batch4
RESEARCH_70_S153	20	51870662	51870662	C	T	TSHZ2	exonic	nonsynonymous	deleterious	679	7	0	FALSE	0.0102040816326531	33	78	Male	NA	CTRL	CTRL	Batch4
RESEARCH_70_S153	3	47098512	47098512	A	T	SETD2	exonic	synonymous	neutral	1036	4	0	FALSE	0.00384615384615385	33	78	Male	NA	CTRL	CTRL	Batch4
RESEARCH_72_S155	2	25462068	25462068	A	G	DNMT3A	exonic	nonsynonymous	deleterious	232	10	3.23e-05	TRUE	0.0413223140495868	34	85	Female	NA	CTRL	CTRL	Batch4
RESEARCH_72_S155	7	151917751	151917751	A	C	KMT2C	exonic	nonsynonymous	deleterious	470	43	0	FALSE	0.0838206627680312	34	85	Female	NA	CTRL	CTRL	Batch4
RESEARCH_72_S155	8	144940542	144940542	C	T	EPPK1	exonic	nonsynonymous	neutral	6436	618	0	FALSE	0.0876098667422739	34	85	Female	NA	CTRL	CTRL	Batch4
RESEARCH_74_S157	19	48259871	48259871	G	A	GLTSCR2	intronic	NA	neutral	446	5	3.232e-05	FALSE	0.0110864745011086	33	83	Female	NA	CTRL	CTRL	Batch4
RESEARCH_75_S158	12	49435762	49435762	G	A	KMT2D	exonic	nonsynonymous	deleterious	605	4	0	FALSE	0.00656814449917898	34	78	Female	NA	AD	AD	Batch4
RESEARCH_75_S158	7	151962226	151962226	T	C	KMT2C	exonic	nonsynonymous	deleterious	1710	96	0	FALSE	0.053156146179402	34	78	Female	NA	AD	AD	Batch4
RESEARCH_75_S158	X	70341209	70341209	C	T	MED12	exonic	synonymous	neutral	689	14	0	FALSE	0.0199146514935989	34	78	Female	NA	AD	AD	Batch4
RESEARCH_76_S159	X	13770822	13770822	G	A	OFD1	intronic	NA	neutral	287	5	0	FALSE	0.0171232876712329	33	77	Male	NA	CTRL	CTRL	Batch4
RESEARCH_76_S159	8	144943516	144943516	G	T	EPPK1	exonic	nonsynonymous	neutral	1252	5	0	FALSE	0.00397772474144789	33	77	Male	NA	CTRL	CTRL	Batch4
RESEARCH_77_S160	17	40359550	40359550	T	A	STAT5B	intronic	NA	neutral	146	5	0	FALSE	0.033112582781457	34	80	Female	NA	CTRL	CTRL	Batch4
RESEARCH_78_S161	17	66519921	66519921	A	G	PRKAR1A	exonic	nonsynonymous	neutral	1236	4	0	FALSE	0.0032258064516129	34	87	Female	NA	AD	AD	Batch4
RESEARCH_78_S161	2	25458598	25458598	A	C	DNMT3A	exonic	nonsynonymous	deleterious	583	18	0	FALSE	0.0299500831946755	34	87	Female	NA	AD	AD	Batch4
RESEARCH_78_S161	1	11190602	11190602	T	C	MTOR	exonic	nonsynonymous	neutral	518	8	0	FALSE	0.0152091254752852	34	87	Female	NA	AD	AD	Batch4
RESEARCH_78_S161	20	31024151	31024151	C	G	ASXL1	exonic	synonymous	neutral	1306	5	0	FALSE	0.003813882532418	34	87	Female	NA	AD	AD	Batch4
RESEARCH_78_S161	17	29586100	29586100	G	A	NF1	exonic	nonsynonymous	deleterious	460	10	0	FALSE	0.0212765957446809	34	87	Female	NA	AD	AD	Batch4
RESEARCH_78_S161	4	55979634	55979634	T	A	KDR	exonic	nonsynonymous	neutral	594	4	0	FALSE	0.00668896321070234	34	87	Female	NA	AD	AD	Batch4
RESEARCH_79_S162	22	23637286	23637286	A	C	BCR	exonic	nonsynonymous	neutral	457	7	0	FALSE	0.0150862068965517	33	80	Female	NA	CTRL	CTRL	Batch4
RESEARCH_82_S165	17	37866464	37866464	T	C	ERBB2	intronic	NA	neutral	937	11	0	FALSE	0.0116033755274262	33	75	Female	NA	CTRL	CTRL	Batch4
RESEARCH_83_S166	22	24175785	24175785	T	C	SMARCB1	exonic	nonsynonymous	neutral	656	13	0	FALSE	0.0194319880418535	33	75	Female	NA	CTRL	CTRL	Batch4
RESEARCH_85_S168	2	25464432	25464432	T	G	DNMT3A	exonic	nonsynonymous	deleterious	658	4	0	TRUE	0.00604229607250755	33	75	Female	NA	CTRL	CTRL	Batch4
RESEARCH_85_S168	2	25469134	25469134	C	A	DNMT3A	exonic	stopgain	deleterious	653	9	0	TRUE	0.013595166163142	33	75	Female	NA	CTRL	CTRL	Batch4
RESEARCH_86_S169	4	106180880	106180880	G	T	TET2	exonic	nonsynonymous	deleterious	580	4	0	TRUE	0.00684931506849315	33	77	Male	NA	CTRL	CTRL	Batch4
RESEARCH_86_S169	11	108181043	108181043	G	A	ATM	splicing	NA	deleterious	229	19	0	FALSE	0.0766129032258065	33	77	Male	NA	CTRL	CTRL	Batch4
RESEARCH_88_S171	4	106156842	106156842	T	C	TET2	exonic	synonymous	neutral	1006	6	0	FALSE	0.00592885375494071	33	70	Male	NA	AD	AD	Batch4
RESEARCH_88_S171	12	49445907	49445907	A	T	KMT2D	exonic	stopgain	deleterious	497	6	0	TRUE	0.0119284294234592	33	70	Male	NA	AD	AD	Batch4
RESEARCH_89_S172	6	138200050	138200050	C	T	TNFAIP3	exonic	stopgain	deleterious	1127	4	0	FALSE	0.00353669319186561	33	79	Male	NA	CTRL	CTRL	Batch4
RESEARCH_89_S172	1	1718814	1718814	C	T	GNB1	exonic	nonsynonymous	deleterious	916	4	0	FALSE	0.00434782608695652	33	79	Male	NA	CTRL	CTRL	Batch4
RESEARCH_90_S173	22	23610646	23610646	A	G	BCR	exonic	nonsynonymous	neutral	1104	4	0	FALSE	0.0036101083032491	34	76	Female	NA	AD	AD	Batch4
RESEARCH_90_S173	6	112015911	112015911	T	C	FYN	intronic	NA	neutral	350	19	0	FALSE	0.0514905149051491	34	76	Female	NA	AD	AD	Batch4
RESEARCH_90_S173	7	116435985	116435985	G	A	MET	exonic	nonsynonymous	deleterious	864	5	0	FALSE	0.00575373993095512	34	76	Female	NA	AD	AD	Batch4
RESEARCH_90_S173	16	68863537	68863537	T	G	CDH1	intronic	NA	neutral	429	4	0	FALSE	0.0092378752886836	34	76	Female	NA	AD	AD	Batch4
RESEARCH_90_S173	7	151945356	151945356	T	C	KMT2C	exonic	synonymous	neutral	1006	9	0	FALSE	0.00886699507389163	34	76	Female	NA	AD	AD	Batch4
RESEARCH_90_S173	16	74983633	74983633	G	A	WDR59	exonic	synonymous	neutral	308	19	0	FALSE	0.0581039755351682	34	76	Female	NA	AD	AD	Batch4
RESEARCH_92_S175	2	39214629	39214629	T	C	SOS1	exonic	synonymous	neutral	444	4	0	FALSE	0.00892857142857143	33	77	Female	NA	CTRL	CTRL	Batch4
RESEARCH_92_S175	1	11182081	11182081	C	T	MTOR	exonic	synonymous	neutral	786	4	0	FALSE	0.00506329113924051	33	77	Female	NA	CTRL	CTRL	Batch4
AD_002_S66	4	106196516	106196516	-	CTTA	TET2	exonic	frameshift insertion	deleterious	724	17	0	TRUE	0.0229419703103914	33	78	Female	21	AD	AD	Batch1+2
AD_002_S66	2	25469559	25469559	G	-	DNMT3A	exonic	frameshift deletion	deleterious	369	24	0	TRUE	0.0610687022900763	33	78	Female	21	AD	AD	Batch1+2
AD_010_S69	17	58740519	58740519	-	TGAAAAT	PPM1D	exonic	frameshift insertion	deleterious	313	11	0	TRUE	0.0339506172839506	33	83	Female	22	AD	AD	Batch1+2
AD_019_S74	4	106180828	106180839	TCTTTTGGTTGT	-	TET2	exonic	nonframeshift deletion	neutral	528	35	0	FALSE	0.0621669626998224	33	88	Female	11	AD	AD	Batch1+2
AD_061_S97	2	25466823	25466823	G	-	DNMT3A	exonic	frameshift deletion	deleterious	611	17	0	TRUE	0.0270700636942675	34	81	Female	22	AD	AD	Batch1+2
AD_063_S98	20	31022403	31022425	CACCACTGCCATAGAGAGGCGGC	-	ASXL1	exonic	frameshift deletion	deleterious	168	9	3.268e-05	TRUE	0.0508474576271186	33	88	Female	19	AD	AD	Batch1+2
AD_066_S14	4	106190890	106190891	AA	-	TET2	exonic	frameshift deletion	deleterious	572	34	0	TRUE	0.0561056105610561	34	77	Female	시행불가	AD	AD	Batch3
AD_069_S101	4	106156532	106156532	A	-	TET2	exonic	frameshift deletion	deleterious	600	23	0	TRUE	0.0369181380417336	33	87	Male	20	AD	AD	Batch1+2
AD_072_S102	20	31022928	31022928	C	-	ASXL1	exonic	frameshift deletion	deleterious	956	20	0	TRUE	0.0204918032786885	34	74	Female	20	AD	AD	Batch1+2
AD_183_S151	3	47164813	47164831	GAGCTCCTATGGTAGCGAC	-	SETD2	exonic	frameshift deletion	deleterious	634	117	0	TRUE	0.155792276964048	33	85	Female	14	AD	AD	Batch1+2
AD_189_S155	20	31022547	31022547	-	G	ASXL1	exonic	frameshift insertion	deleterious	182	7	0	TRUE	0.037037037037037	33	79	Female	17	AD	AD	Batch1+2
AD_256_S68	7	151962168	151962168	C	-	KMT2C	exonic	frameshift deletion	deleterious	3798	211	0	FALSE	0.0526315789473684	44	68	Female	19	AD	AD	Batch3
C_001_S1	2	25467135	25467135	G	-	DNMT3A	exonic	frameshift deletion	deleterious	351	12	0	TRUE	0.0330578512396694	33	100	NA	NA	C	C	Batch1+2
C_009_S4	22	32205629	32205629	-	A	DEPDC5	exonic	frameshift insertion	deleterious	156	12	0	FALSE	0.0714285714285714	33	103	NA	NA	C	C	Batch1+2
C_009_S4	20	31022739	31022739	G	-	ASXL1	exonic	frameshift deletion	deleterious	1179	82	0	TRUE	0.0650277557494052	33	103	NA	NA	C	C	Batch1+2
C_023_S11	19	3110178	3110178	C	-	GNA11	exonic	frameshift deletion	deleterious	486	13	0	FALSE	0.0260521042084168	34	100	NA	NA	C	C	Batch1+2
C_031_S17	17	7577103	7577117	CAGGACAGGCACAAA	-	TP53	exonic	nonframeshift deletion	neutral	701	19	0	FALSE	0.0263888888888889	33	100	NA	NA	C	C	Batch1+2
C_031_S17	20	31022739	31022739	G	-	ASXL1	exonic	frameshift deletion	deleterious	1397	137	0	TRUE	0.0893089960886571	33	100	NA	NA	C	C	Batch1+2
C_049_S30	4	106157549	106157549	C	-	TET2	exonic	frameshift deletion	deleterious	571	27	0	TRUE	0.0451505016722408	33	97.5	NA	NA	CTRL	CTRL_old	Batch1+2
C_072_S44	4	106197386	106197389	ATGA	-	TET2	exonic	frameshift deletion	deleterious	601	73	0	TRUE	0.108308605341246	33	104	NA	NA	C	C	Batch1+2
C_093_S53	4	106197033	106197033	-	G	TET2	exonic	frameshift insertion	deleterious	706	65	0	TRUE	0.0843060959792477	33	97.5	NA	NA	CTRL	CTRL_old	Batch1+2
C_096_S55	4	106162477	106162479	TCT	-	TET2-AS1	ncRNA_intronic	NA	neutral	105	20	0	FALSE	0.16	33	102	NA	NA	C	C	Batch1+2
C_112_S62	20	31024342	31024342	C	-	ASXL1	exonic	frameshift deletion	deleterious	1267	26	0	TRUE	0.020108275328693	33	97.5	NA	NA	CTRL	CTRL_old	Batch1+2
C_119_S64	4	106157302	106157302	A	-	TET2	exonic	frameshift deletion	deleterious	149	23	0	TRUE	0.133720930232558	33	101	NA	NA	C	C	Batch1+2
C_121_S65	4	106157555	106157560	ATAGTC	-	TET2	exonic	nonframeshift deletion	neutral	600	31	0	FALSE	0.0491283676703645	33	103	NA	NA	C	C	Batch1+2
CTRL_023_S48	4	106155755	106155755	-	AC	TET2	exonic	frameshift insertion	deleterious	647	29	0	TRUE	0.0428994082840237	33	84	Female	NA	CTRL	CTRL	Batch1+2
CTRL_056_S70	4	106155512	106155512	A	-	TET2	exonic	frameshift deletion	deleterious	131	14	0	TRUE	0.096551724137931	34	79	Male	NA	CTRL	CTRL	Batch1+2
CTRL_073_S80	17	58740401	58740401	-	T	PPM1D	exonic	frameshift insertion	deleterious	111	13	0	TRUE	0.104838709677419	33	70	Male	NA	CTRL	CTRL	Batch1+2
CTRL_092_S89	2	25457266	25457266	T	-	DNMT3A	exonic	frameshift deletion	deleterious	428	26	0	TRUE	0.0572687224669604	34	94	Male	NA	CTRL	CTRL_old	Batch1+2
CTRL_092_S89	2	25469091	25469091	T	-	DNMT3A	exonic	frameshift deletion	deleterious	639	159	0	TRUE	0.199248120300752	34	94	Male	NA	CTRL	CTRL_old	Batch1+2
CTRL_185_S155	2	25468141	25468144	CCTC	-	DNMT3A	exonic	frameshift deletion	deleterious	200	10	0	TRUE	0.0476190476190476	33	85	Female	NA	CTRL	CTRL	Batch1+2
CTRL_189_S159	2	25469992	25469992	-	C	DNMT3A	exonic	frameshift insertion	deleterious	851	28	0	TRUE	0.0318543799772469	33	76	Female	NA	CTRL	CTRL	Batch1+2
CTRL_212_S173	X	123196885	123196885	T	-	STAG2	intronic	NA	neutral	342	27	0	FALSE	0.0731707317073171	34	61	Female	NA	CTRL	CTRL	Batch1+2
CTRL_231_S185	17	58734157	58734157	-	CT	PPM1D	exonic	frameshift insertion	deleterious	866	78	0	TRUE	0.0826271186440678	33	92	Male	NA	CTRL	CTRL_old	Batch1+2
RESEARCH_38_S121	20	31022768	31022768	-	G	ASXL1	exonic	frameshift insertion	deleterious	1938	64	0	TRUE	0.031968031968032	33	73.94	Female	NA	CTRL	CTRL	Batch4
RESEARCH_78_S161	4	106156035	106156035	-	A	TET2	exonic	frameshift insertion	deleterious	1098	95	0	TRUE	0.0796311818943839	34	87	Female	NA	AD	AD	Batch4
RESEARCH_86_S169	7	151919785	151919785	G	-	KMT2C	intronic	NA	neutral	238	19	0	FALSE	0.0739299610894942	33	77	Male	NA	CTRL	CTRL	Batch4
RESEARCH_91_S174	2	25467487	25467495	TCGTCGTAC	-	DNMT3A	exonic	nonframeshift deletion	neutral	704	44	0	FALSE	0.0588235294117647	33	74	Male	NA	CTRL	CTRL	Batch4
