AD_002_S66	ε3/ε3	78	F	21	AD	Batch1+2
AD_003_S67	ε3/ε3	69	F	18	AD	Batch1+2
AD_005_S68	ε3/ε3	85	F	21	AD	Batch1+2
AD_010_S69	ε3/ε3	83	F	22	AD	Batch1+2
AD_011_S70	ε3/ε4	76	F	10	AD	Batch1+2
AD_013_S71	ε3/ε3	64	F	20	AD	Batch1+2
AD_014_S72	ε3/ε3	79	F	13	AD	Batch1+2
AD_019_S74	ε3/ε3	88	F	11	AD	Batch1+2
AD_020_S75	ε3/ε3	83	F	16	AD	Batch1+2
AD_022_S76	ε3/ε3	63	M	20	AD	Batch1+2
AD_023_S77	ε3/ε3	89	F	15	AD	Batch1+2
AD_024_S78	ε3/ε4	78	M	20	AD	Batch1+2
AD_028_S79	ε3/ε3	77	M	18	AD	Batch1+2
AD_030_S80	ε3/ε3	78	F	13	AD	Batch1+2
AD_031_S81	ε3/ε3	78	F	18	AD	Batch1+2
AD_033_S82	ε3/ε4	76	F	21	AD	Batch1+2
AD_034_S83	ε3/ε3	78	F	14	AD	Batch1+2
AD_035_S84	ε3/ε3	86	F	20	AD	Batch1+2
AD_036_S85	ε3/ε4	76	F	15	AD	Batch1+2
AD_038_S86	ε3/ε4	77	F	13	AD	Batch1+2
AD_039_S25	ε3/ε3	77	F	23	AD	Batch1+2
AD_040_S87	ε3/ε3	75	F	22	AD	Batch1+2
AD_041_S88	ε3/ε4	84	F	17	AD	Batch1+2
AD_044_S89	ε3/ε4	73	F	22	AD	Batch1+2
AD_046_S90	ε3/ε3	82	F	22	AD	Batch1+2
AD_047_S91	ε3/ε4	76	M	22	AD	Batch1+2
AD_048_S92	ε3/ε3	65	F	18	AD	Batch1+2
AD_049_S93	ε3/ε4	74	F	14	AD	Batch1+2
AD_050_S26	ε3/ε4	72	F	23	AD	Batch1+2
AD_053_S94	ε3/ε4	80	M	20	AD	Batch1+2
AD_055_S95	ε3/ε4	80	F	0	AD	Batch1+2
AD_058_S96	ε3/ε3	88	F	20	AD	Batch1+2
AD_059_S27	ε3/ε4	80	F	23	AD	Batch1+2
AD_061_S97	ε3/ε4	81	F	22	AD	Batch1+2
AD_063_S98	ε3/ε3	88	F	19	AD	Batch1+2
AD_064_S99	ε3/ε3	63	M	18	AD	Batch1+2
AD_067_S100	ε3/ε3	70	F	21	AD	Batch1+2
AD_069_S101	ε3/ε3	87	M	20	AD	Batch1+2
AD_072_S102	ε3/ε4	74	F	20	AD	Batch1+2
AD_076_S103	ε3/ε4	71	F	22	AD	Batch1+2
AD_077_S104	ε3/ε3	83	F	14	AD	Batch1+2
AD_078_S105	ε3/ε3	73	F	11	AD	Batch1+2
AD_079_S106	ε3/ε3	79	M	14	AD	Batch1+2
AD_082_S107	ε3/ε4	78	F	16	AD	Batch1+2
AD_084_S108	ε3/ε4	71	M	12	AD	Batch1+2
AD_087_S109	ε3/ε4	76	F	22	AD	Batch1+2
AD_088_S110	ε3/ε3	80	F	17	AD	Batch1+2
AD_091_S111	ε3/ε3	88	F	10	AD	Batch1+2
AD_094_S112	ε3/ε4	83	F	16	AD	Batch1+2
AD_098_S113	ε3/ε3	69	F	17	AD	Batch1+2
AD_099_S114	ε3/ε3	89	M	18	AD	Batch1+2
AD_101_S115	ε3/ε4	86	F	15	AD	Batch1+2
AD_103_S117	ε3/ε3	73	F	20	AD	Batch1+2
AD_110_S118	ε3/ε4	66	F	20	AD	Batch1+2
AD_112_S119	ε3/ε4	64	M	0	AD	Batch1+2
AD_113_S120	ε3/ε3	65	F	21	AD	Batch1+2
AD_119_S121	ε3/ε4	78	F	12	AD	Batch1+2
AD_123_S122	ε3/ε3	75	F	17	AD	Batch1+2
AD_127_S123	ε3/ε4	77	F	17	AD	Batch1+2
AD_128_S124	ε3/ε4	71	F	19	AD	Batch1+2
AD_129_S125	ε3/ε4	77	F	19	AD	Batch1+2
AD_130_S126	ε3/ε3	69	F	18	AD	Batch1+2
AD_131_S127	ε3/ε4	69	M	16	AD	Batch1+2
AD_133_S128	ε3/ε3	76	F	17	AD	Batch1+2
AD_134_S129	ε3/ε4	82	F	16	AD	Batch1+2
AD_135_S130	ε3/ε4	79	F	18	AD	Batch1+2
AD_136_S131	ε3/ε4	71	F	19	AD	Batch1+2
AD_138_S132	ε3/ε3	68	M	14	AD	Batch1+2
AD_141_S133	ε3/ε3	76	M	12	AD	Batch1+2
AD_143_S134	ε3/ε3	80	F	22	AD	Batch1+2
AD_150_S135	ε3/ε4	76	F	11	AD	Batch1+2
AD_151_S136	ε3/ε4	78	M	20	AD	Batch1+2
AD_152_S137	ε3/ε3	82	F	22	AD	Batch1+2
AD_153_S138	ε3/ε3	77	F	18	AD	Batch1+2
AD_161_S139	ε3/ε4	65	M	0	AD	Batch1+2
AD_162_S140	ε3/ε3	82	F	18	AD	Batch1+2
AD_163_S141	ε3/ε4	87	M	19	AD	Batch1+2
AD_164_S142	ε3/ε3	76	F	17	AD	Batch1+2
AD_168_S28	ε3/ε3	79	M	23	AD	Batch1+2
AD_169_S144	ε3/ε3	73	F	22	AD	Batch1+2
AD_171_S145	ε3/ε3	81	F	19	AD	Batch1+2
AD_172_S29	ε3/ε3	68	F	23	AD	Batch1+2
AD_173_S146	ε3/ε4	74	F	16	AD	Batch1+2
AD_175_S147	ε3/ε4	73	F	14	AD	Batch1+2
AD_177_S148	ε3/ε3	72	F	16	AD	Batch1+2
AD_179_S149	ε3/ε3	83	F	12	AD	Batch1+2
AD_180_S150	ε3/ε3	83	M	21	AD	Batch1+2
AD_182_S30	ε3/ε3	61	M	23	AD	Batch1+2
AD_183_S151	ε3/ε3	85	F	14	AD	Batch1+2
AD_185_S152	ε3/ε4	73	M	21	AD	Batch1+2
AD_186_S153	ε3/ε4	77	F	21	AD	Batch1+2
AD_189_S155	ε3/ε3	79	F	17	AD	Batch1+2
AD_192_S156	ε3/ε3	89	F	15	AD	Batch1+2
AD_193_S157	ε3/ε3	77	F	16	AD	Batch1+2
AD_195_S158	ε3/ε3	75	F	18	AD	Batch1+2
AD_197_S159	ε3/ε3	84	M	22	AD	Batch1+2
AD_198_S160	ε3/ε3	67	F	16	AD	Batch1+2
AD_199_S161	ε3/ε3	65	F	19	AD	Batch1+2
AD_204_S162	ε3/ε3	74	F	16	AD	Batch1+2
AD_206_S163	ε3/ε3	85	F	18	AD	Batch1+2
AD_209_S164	ε3/ε3	77	F	14	AD	Batch1+2
AD_211_S165	ε3/ε4	84	F	18	AD	Batch1+2
AD_213_S166	ε3/ε4	65	F	19	AD	Batch1+2
AD_216_S167	ε3/ε3	82	M	0	AD	Batch1+2
AD_219_S168	ε3/ε3	80	M	14	AD	Batch1+2
AD_220_S169	ε3/ε3	79	F	22	AD	Batch1+2
AD_221_S170	ε3/ε3	85	M	19	AD	Batch1+2
AD_222_S171	ε3/ε3	77	F	21	AD	Batch1+2
AD_225_S172	ε3/ε3	73	F	16	AD	Batch1+2
AD_227_S173	ε3/ε3	84	F	12	AD	Batch1+2
AD_231_S174	ε3/ε3	82	F	19	AD	Batch1+2
AD_232_S175	ε3/ε4	82	M	17	AD	Batch1+2
AD_238_S176	ε3/ε4	78	M	17	AD	Batch1+2
AD_239_S177	ε3/ε3	70	F	15	AD	Batch1+2
AD_241_S31	ε3/ε3	64	M	23	AD	Batch1+2
AD_247_S179	ε3/ε3	80	M	16	AD	Batch1+2
AD_251_S180	ε3/ε3	73	F	2	AD	Batch1+2
AD_252_S181	ε3/ε3	69	F	17	AD	Batch1+2
AD_253_S182	ε3/ε3	68	F	16	AD	Batch1+2
AD_257_S183	ε3/ε4	72	F	22	AD	Batch1+2
AD_258_S184	ε3/ε4	72	F	14	AD	Batch1+2
AD_259_S185	ε3/ε4	79	F	18	AD	Batch1+2
AD_261_S186	ε3/ε3	85	F	20	AD	Batch1+2
AD_264_S187	ε3/ε3	83	M	18	AD	Batch1+2
AD_265_S1	ε3/ε3	81	F	19	AD	Batch1+2
AD_266_S2	ε3/ε3	85	F	17	AD	Batch1+2
AD_267_S3	ε3/ε3	71	F	0	AD	Batch1+2
AD_268_S4	ε3/ε4	74	F	19	AD	Batch1+2
AD_269_S5	ε3/ε4	81	M	20	AD	Batch1+2
AD_270_S6	ε3/ε4	71	F	20	AD	Batch1+2
AD_271_S7	ε3/ε4	67	F	17	AD	Batch1+2
AD_272_S8	ε3/ε4	73	F	11	AD	Batch1+2
AD_273_S9	ε3/ε3	62	M	18	AD	Batch1+2
AD_274_S10	ε3/ε4	61	M	20	AD	Batch1+2
AD_275_S11	ε3/ε3	80	F	16	AD	Batch1+2
AD_282_S12	ε3/ε3	81	M	22	AD	Batch1+2
AD_286_S13	ε3/ε3	76	M	15	AD	Batch1+2
AD_287_S32	ε3/ε3	67	F	23	AD	Batch1+2
AD_288_S14	ε3/ε4	65	F	18	AD	Batch1+2
AD_289_S15	ε3/ε3	69	M	20	AD	Batch1+2
AD_290_S16	ε3/ε3	86	F	17	AD	Batch1+2
AD_294_S143	ε3/ε4	85	F	21	AD	Batch1+2
AD_295_S17	ε3/ε3	81	M	18	AD	Batch1+2
AD_297_S18	ε3/ε3	68	F	14	AD	Batch1+2
AD_298_S19	ε3/ε4	85	F	20	AD	Batch1+2
AD_300_S33	ε3/ε3	81	M	23	AD	Batch1+2
AD_305_S20	ε3/ε4	83	F	15	AD	Batch1+2
AD_306_S21	ε3/ε3	78	F	20	AD	Batch1+2
AD_309_S34	ε3/ε3	78	M	23	AD	Batch1+2
AD_310_S22	ε3/ε4	87	F	16	AD	Batch1+2
AD_312_S23	ε3/ε3	69	F	22	AD	Batch1+2
AD_313_S35	ε3/ε4	74	M	23	AD	Batch1+2
AD_314_S24	ε3/ε3	80	F	18	AD	Batch1+2
C_001_S1	ε3/ε3	100	NA	NA	C	Batch1+2
C_003_S2	ε3/ε3	NA	NA	NA	C	Batch1+2
C_005_S3	ε3/ε3	101	NA	NA	C	Batch1+2
C_009_S4	ε3/ε3	103	NA	NA	C	Batch1+2
C_011_S5	ε3/ε3	101	NA	NA	C	Batch1+2
C_012_S6	ε3/ε3	101	NA	NA	C	Batch1+2
C_013_S7	ε3/ε3	103	NA	NA	C	Batch1+2
C_014_S8	ε3/ε3	101	NA	NA	C	Batch1+2
C_018_S9	ε3/ε3	103	NA	NA	C	Batch1+2
C_022_S10	ε3/ε3	102	NA	NA	C	Batch1+2
C_023_S11	ε3/ε4	100	NA	NA	C	Batch1+2
C_024_S12	ε3/ε4	102	NA	NA	C	Batch1+2
C_025_S13	ε3/ε4	100	NA	NA	C	Batch1+2
C_026_S14	ε3/ε4	99	NA	NA	C	Batch1+2
C_028_S15	ε3/ε3	102	NA	NA	C	Batch1+2
C_029_S16	ε3/ε3	100	NA	NA	C	Batch1+2
C_031_S17	ε3/ε3	100	NA	NA	C	Batch1+2
C_032_S18	ε3/ε3	104	NA	NA	C	Batch1+2
C_033_S19	ε3/ε4	NA	NA	NA	C	Batch1+2
C_035_S20	ε3/ε3	103	NA	NA	C	Batch1+2
C_037_S21	ε3/ε4	104	NA	NA	C	Batch1+2
C_039_S22	ε3/ε3	NA	NA	NA	C	Batch1+2
C_040_S23	ε3/ε4	102	NA	NA	C	Batch1+2
C_041_S24	ε3/ε3	104	NA	NA	C	Batch1+2
C_045_S26	ε3/ε3	104	NA	NA	C	Batch1+2
C_046_S27	ε3/ε3	103	NA	NA	C	Batch1+2
C_047_S28	ε3/ε3	103	NA	NA	C	Batch1+2
C_048_S29	ε3/ε3	100	NA	NA	C	Batch1+2
C_049_S30	ε3/ε3	NA	NA	NA	C	Batch1+2
C_050_S31	ε3/ε3	105	NA	NA	C	Batch1+2
C_051_S32	ε3/ε3	100	NA	NA	C	Batch1+2
C_052_S33	ε3/ε3	101	NA	NA	C	Batch1+2
C_053_S34	ε3/ε3	100	NA	NA	C	Batch1+2
C_056_S35	ε3/ε3	101	NA	NA	C	Batch1+2
C_057_S36	ε3/ε3	103	NA	NA	C	Batch1+2
C_058_S37	ε3/ε4	101	NA	NA	C	Batch1+2
C_063_S38	ε3/ε4	103	NA	NA	C	Batch1+2
C_064_S39	ε3/ε3	102	NA	NA	C	Batch1+2
C_065_S40	ε3/ε3	NA	NA	NA	C	Batch1+2
C_066_S41	ε3/ε3	104	NA	NA	C	Batch1+2
C_069_S42	ε3/ε4	101	NA	NA	C	Batch1+2
C_070_S43	ε3/ε3	100	NA	NA	C	Batch1+2
C_072_S44	ε3/ε3	104	NA	NA	C	Batch1+2
C_073_S45	ε3/ε3	100	NA	NA	C	Batch1+2
C_075_S46	ε3/ε3	101	NA	NA	C	Batch1+2
C_076_S47	ε3/ε3	105	NA	NA	C	Batch1+2
C_078_S48	ε3/ε3	103	NA	NA	C	Batch1+2
C_082_S49	ε3/ε3	101	NA	NA	C	Batch1+2
C_086_S50	ε3/ε3	102	NA	NA	C	Batch1+2
C_089_S51	ε3/ε3	101	NA	NA	C	Batch1+2
C_091_S52	ε3/ε3	102	NA	NA	C	Batch1+2
C_093_S53	ε3/ε3	NA	NA	NA	C	Batch1+2
C_094_S54	ε3/ε3	101	NA	NA	C	Batch1+2
C_096_S55	ε3/ε3	102	NA	NA	C	Batch1+2
C_097_S56	ε3/ε3	NA	NA	NA	C	Batch1+2
C_099_S57	ε3/ε3	101	NA	NA	C	Batch1+2
C_102_S58	ε3/ε3	100	NA	NA	C	Batch1+2
C_107_S59	ε3/ε3	100	NA	NA	C	Batch1+2
C_108_S60	ε3/ε3	104	NA	NA	C	Batch1+2
C_110_S61	ε3/ε3	103	NA	NA	C	Batch1+2
C_112_S62	ε3/ε3	NA	NA	NA	C	Batch1+2
C_115_S63	ε3/ε4	101	NA	NA	C	Batch1+2
C_119_S64	ε3/ε3	101	NA	NA	C	Batch1+2
C_121_S65	ε3/ε3	103	NA	NA	C	Batch1+2
CTRL_001_S36	ε3/ε4	68	M	NA	CTRL	Batch1+2
CTRL_004_S37	ε3/ε4	83	F	NA	CTRL	Batch1+2
CTRL_005_S38	ε3/ε3	79	F	NA	CTRL	Batch1+2
CTRL_009_S39	ε3/ε3	82	M	NA	CTRL	Batch1+2
CTRL_010_S40	ε3/ε3	71	M	NA	CTRL	Batch1+2
CTRL_012_S41	ε3/ε4	85	F	NA	CTRL	Batch1+2
CTRL_013_S42	ε3/ε3	80	F	NA	CTRL	Batch1+2
CTRL_015_S43	ε3/ε3	86	F	NA	CTRL	Batch1+2
CTRL_016_S44	ε3/ε3	80	F	NA	CTRL	Batch1+2
CTRL_017_S45	ε3/ε3	78	F	NA	CTRL	Batch1+2
CTRL_019_S46	ε3/ε3	69	F	NA	CTRL	Batch1+2
CTRL_020_S47	ε3/ε4	79	F	NA	CTRL	Batch1+2
CTRL_023_S48	ε3/ε3	84	F	NA	CTRL	Batch1+2
CTRL_024_S49	ε3/ε3	75	F	NA	CTRL	Batch1+2
CTRL_027_S50	ε3/ε3	86	F	NA	CTRL	Batch1+2
CTRL_029_S51	ε3/ε3	84	F	NA	CTRL	Batch1+2
CTRL_030_S52	ε3/ε4	75	F	NA	CTRL	Batch1+2
CTRL_031_S53	ε3/ε3	76	F	NA	CTRL	Batch1+2
CTRL_035_S54	ε3/ε3	66	F	NA	CTRL	Batch1+2
CTRL_037_S55	ε3/ε3	89	F	NA	CTRL	Batch1+2
CTRL_038_S56	ε3/ε3	72	F	NA	CTRL	Batch1+2
CTRL_039_S57	ε3/ε3	71	M	NA	CTRL	Batch1+2
CTRL_040_S58	ε3/ε4	61	F	NA	CTRL	Batch1+2
CTRL_041_S59	ε3/ε4	77	F	NA	CTRL	Batch1+2
CTRL_042_S60	ε3/ε3	73	F	NA	CTRL	Batch1+2
CTRL_045_S61	ε3/ε3	71	M	NA	CTRL	Batch1+2
CTRL_047_S62	ε3/ε4	68	F	NA	CTRL	Batch1+2
CTRL_048_S63	ε3/ε3	80	F	NA	CTRL	Batch1+2
CTRL_049_S64	ε3/ε3	74	F	NA	CTRL	Batch1+2
CTRL_050_S65	ε3/ε3	76	F	NA	CTRL	Batch1+2
CTRL_051_S66	ε3/ε3	80	F	NA	CTRL	Batch1+2
CTRL_052_S67	ε3/ε3	67	M	NA	CTRL	Batch1+2
CTRL_053_S68	ε3/ε3	79	F	NA	CTRL	Batch1+2
CTRL_055_S69	ε3/ε3	89	F	NA	CTRL	Batch1+2
CTRL_056_S70	ε3/ε4	79	M	NA	CTRL	Batch1+2
CTRL_059_S71	ε3/ε3	81	F	NA	CTRL	Batch1+2
CTRL_062_S72	ε3/ε3	78	F	NA	CTRL	Batch1+2
CTRL_063_S73	ε3/ε3	81	M	NA	CTRL	Batch1+2
CTRL_064_S74	ε3/ε3	71	M	NA	CTRL	Batch1+2
CTRL_065_S75	ε3/ε4	73	F	NA	CTRL	Batch1+2
CTRL_066_S76	ε3/ε3	67	F	NA	CTRL	Batch1+2
CTRL_067_S77	ε3/ε4	68	M	NA	CTRL	Batch1+2
CTRL_068_S78	ε3/ε3	71	F	NA	CTRL	Batch1+2
CTRL_070_S79	ε3/ε3	71	F	NA	CTRL	Batch1+2
CTRL_073_S80	ε3/ε3	70	M	NA	CTRL	Batch1+2
CTRL_079_S81	ε3/ε4	77	F	NA	CTRL	Batch1+2
CTRL_080_S82	ε3/ε3	91	F	NA	CTRL	Batch1+2
CTRL_081_S83	ε3/ε3	92	F	NA	CTRL	Batch1+2
CTRL_084_S84	ε3/ε3	94	F	NA	CTRL	Batch1+2
CTRL_085_S85	ε3/ε3	61	M	NA	CTRL	Batch1+2
CTRL_087_S86	ε3/ε3	63	F	NA	CTRL	Batch1+2
CTRL_088_S87	ε3/ε3	61	F	NA	CTRL	Batch1+2
CTRL_089_S88	ε3/ε3	74	F	NA	CTRL	Batch1+2
CTRL_092_S89	ε3/ε4	94	M	NA	CTRL	Batch1+2
CTRL_097_S90	ε3/ε3	86	M	NA	CTRL	Batch1+2
CTRL_098_S91	ε3/ε4	80	F	NA	CTRL	Batch1+2
CTRL_100_S92	ε3/ε3	89	M	NA	CTRL	Batch1+2
CTRL_101_S93	ε3/ε3	83	F	NA	CTRL	Batch1+2
CTRL_103_S94	ε3/ε3	74	F	NA	CTRL	Batch1+2
CTRL_104_S95	ε3/ε3	82	F	NA	CTRL	Batch1+2
CTRL_105_S96	ε3/ε3	79	F	NA	CTRL	Batch1+2
CTRL_107_S97	ε3/ε4	84	F	NA	CTRL	Batch1+2
CTRL_108_S98	ε3/ε3	73	M	NA	CTRL	Batch1+2
CTRL_109_S99	ε3/ε4	81	F	NA	CTRL	Batch1+2
CTRL_113_S100	ε3/ε3	82	M	NA	CTRL	Batch1+2
CTRL_114_S101	ε3/ε3	75	F	NA	CTRL	Batch1+2
CTRL_115_S102	ε3/ε3	76	F	NA	CTRL	Batch1+2
CTRL_116_S103	ε3/ε3	83	F	NA	CTRL	Batch1+2
CTRL_117_S104	ε3/ε3	89	F	NA	CTRL	Batch1+2
CTRL_118_S105	ε3/ε3	79	F	NA	CTRL	Batch1+2
CTRL_120_S106	ε3/ε3	78	M	NA	CTRL	Batch1+2
CTRL_121_S107	ε3/ε4	82	F	NA	CTRL	Batch1+2
CTRL_122_S108	ε3/ε3	68	F	NA	CTRL	Batch1+2
CTRL_123_S109	ε3/ε3	69	F	NA	CTRL	Batch1+2
CTRL_125_S110	ε3/ε3	80	F	NA	CTRL	Batch1+2
CTRL_126_S111	ε3/ε3	94	F	NA	CTRL	Batch1+2
CTRL_127_S112	ε3/ε3	75	F	NA	CTRL	Batch1+2
CTRL_128_S113	ε3/ε4	76	F	NA	CTRL	Batch1+2
CTRL_130_S114	ε3/ε4	77	F	NA	CTRL	Batch1+2
CTRL_131_S115	ε3/ε3	76	F	NA	CTRL	Batch1+2
CTRL_132_S116	ε3/ε3	68	F	NA	CTRL	Batch1+2
CTRL_133_S117	ε3/ε3	88	F	NA	CTRL	Batch1+2
CTRL_134_S118	ε3/ε4	77	F	NA	CTRL	Batch1+2
CTRL_136_S119	ε3/ε3	75	F	NA	CTRL	Batch1+2
CTRL_137_S120	ε3/ε3	81	F	NA	CTRL	Batch1+2
CTRL_138_S121	ε3/ε3	74	F	NA	CTRL	Batch1+2
CTRL_140_S122	ε3/ε3	77	F	NA	CTRL	Batch1+2
CTRL_141_S123	ε3/ε4	83	M	NA	CTRL	Batch1+2
CTRL_142_S124	ε3/ε4	81	M	NA	CTRL	Batch1+2
CTRL_143_S125	ε3/ε3	79	F	NA	CTRL	Batch1+2
CTRL_144_S126	ε3/ε3	62	F	NA	CTRL	Batch1+2
CTRL_145_S127	ε3/ε4	78	F	NA	CTRL	Batch1+2
CTRL_146_S128	ε3/ε3	91	F	NA	CTRL	Batch1+2
CTRL_148_S129	ε3/ε3	74	F	NA	CTRL	Batch1+2
CTRL_153_S130	ε3/ε3	68	F	NA	CTRL	Batch1+2
CTRL_154_S131	ε3/ε3	82	F	NA	CTRL	Batch1+2
CTRL_155_S132	ε3/ε3	88	F	NA	CTRL	Batch1+2
CTRL_157_S133	ε3/ε3	71	F	NA	CTRL	Batch1+2
CTRL_158_S134	ε3/ε3	81	F	NA	CTRL	Batch1+2
CTRL_159_S135	ε3/ε3	75	F	NA	CTRL	Batch1+2
CTRL_161_S136	ε3/ε3	62	F	NA	CTRL	Batch1+2
CTRL_162_S137	ε3/ε3	77	F	NA	CTRL	Batch1+2
CTRL_163_S138	ε3/ε3	77	F	NA	CTRL	Batch1+2
CTRL_165_S139	ε3/ε4	82	F	NA	CTRL	Batch1+2
CTRL_166_S140	ε3/ε3	84	M	NA	CTRL	Batch1+2
CTRL_167_S141	ε3/ε3	80	F	NA	CTRL	Batch1+2
CTRL_168_S142	ε3/ε4	78	M	NA	CTRL	Batch1+2
CTRL_169_S143	ε3/ε4	79	F	NA	CTRL	Batch1+2
CTRL_170_S144	ε3/ε3	72	F	NA	CTRL	Batch1+2
CTRL_171_S145	ε3/ε4	83	F	NA	CTRL	Batch1+2
CTRL_172_S146	ε3/ε3	91	F	NA	CTRL	Batch1+2
CTRL_173_S147	ε3/ε3	72	M	NA	CTRL	Batch1+2
CTRL_174_S148	ε3/ε3	81	F	NA	CTRL	Batch1+2
CTRL_175_S149	ε3/ε3	65	M	NA	CTRL	Batch1+2
CTRL_176_S150	ε3/ε4	73	F	NA	CTRL	Batch1+2
CTRL_177_S151	ε3/ε3	86	M	NA	CTRL	Batch1+2
CTRL_179_S152	ε3/ε3	84	F	NA	CTRL	Batch1+2
CTRL_180_S153	ε3/ε4	77	F	NA	CTRL	Batch1+2
CTRL_184_S154	ε3/ε3	83	F	NA	CTRL	Batch1+2
CTRL_185_S155	ε3/ε3	85	F	NA	CTRL	Batch1+2
CTRL_186_S156	ε3/ε3	76	F	NA	CTRL	Batch1+2
CTRL_187_S157	ε3/ε4	62	M	NA	CTRL	Batch1+2
CTRL_188_S158	ε3/ε4	75	F	NA	CTRL	Batch1+2
CTRL_189_S159	ε3/ε3	76	F	NA	CTRL	Batch1+2
CTRL_191_S160	ε3/ε4	82	F	NA	CTRL	Batch1+2
CTRL_193_S161	ε3/ε3	80	M	NA	CTRL	Batch1+2
CTRL_194_S162	ε3/ε4	90	F	NA	CTRL	Batch1+2
CTRL_198_S163	ε3/ε4	70	F	NA	CTRL	Batch1+2
CTRL_199_S164	ε3/ε3	72	M	NA	CTRL	Batch1+2
CTRL_200_S165	ε3/ε3	78	M	NA	CTRL	Batch1+2
CTRL_202_S166	ε3/ε4	82	F	NA	CTRL	Batch1+2
CTRL_203_S167	ε3/ε4	80	F	NA	CTRL	Batch1+2
CTRL_204_S168	ε3/ε4	68	F	NA	CTRL	Batch1+2
CTRL_206_S169	ε3/ε3	63	F	NA	CTRL	Batch1+2
CTRL_207_S170	ε3/ε3	73	M	NA	CTRL	Batch1+2
CTRL_208_S171	ε3/ε3	72	F	NA	CTRL	Batch1+2
CTRL_209_S172	ε3/ε3	64	F	NA	CTRL	Batch1+2
CTRL_212_S173	ε3/ε4	61	F	NA	CTRL	Batch1+2
CTRL_214_S174	ε3/ε4	77	F	NA	CTRL	Batch1+2
CTRL_215_S175	ε3/ε4	78	F	NA	CTRL	Batch1+2
CTRL_217_S176	ε3/ε3	70	M	NA	CTRL	Batch1+2
CTRL_218_S177	ε3/ε3	80	F	NA	CTRL	Batch1+2
CTRL_220_S178	ε3/ε3	65	M	NA	CTRL	Batch1+2
CTRL_221_S179	ε3/ε3	88	F	NA	CTRL	Batch1+2
CTRL_222_S180	ε3/ε3	75	F	NA	CTRL	Batch1+2
CTRL_226_S181	ε3/ε4	95	M	NA	CTRL	Batch1+2
CTRL_227_S182	ε3/ε3	75	M	NA	CTRL	Batch1+2
CTRL_228_S183	ε3/ε3	64	F	NA	CTRL	Batch1+2
CTRL_230_S184	ε3/ε3	85	F	NA	CTRL	Batch1+2
CTRL_231_S185	ε3/ε3	92	M	NA	CTRL	Batch1+2
CTRL_233_S186	ε3/ε3	70	F	NA	CTRL	Batch1+2
CTRL_234_S187	ε3/ε4	81	M	NA	CTRL	Batch1+2
CTRL_235_S188	ε3/ε3	81	M	NA	CTRL	Batch1+2
CTRL_236_S189	ε3/ε3	76	F	NA	CTRL	Batch1+2
CTRL_237_S190	ε3/ε3	87	F	NA	CTRL	Batch1+2
CTRL_238_S191	ε3/ε3	92	M	NA	CTRL	Batch1+2
CTRL_239_S192	ε3/ε3	77	M	NA	CTRL	Batch1+2
CTRL_240_S193	ε3/ε3	83	F	NA	CTRL	Batch1+2
CTRL_241_S194	ε3/ε4	69	F	NA	CTRL	Batch1+2
CTRL_245_S195	ε3/ε3	97	F	NA	CTRL	Batch1+2
CTRL_247_S196	ε3/ε3	83	F	NA	CTRL	Batch1+2
CTRL_248_S197	ε3/ε3	90	M	NA	CTRL	Batch1+2
AD_006_S2	ε3/ε3	76	F	24	AD	Batch3
AD_017_S6	ε3/ε3	60	F	4	AD	Batch3
AD_060_S12	ε3/ε3	79	F	9	AD	Batch3
AD_065_S13	ε3/ε3	72	F	6	AD	Batch3
AD_066_S14	ε3/ε4	77	F	시행불가	AD	Batch3
AD_071_S16	ε3/ε3	80	F	23	AD	Batch3
AD_085_S19	ε4/ε4	80	F	22	AD	Batch3
AD_086_S20	ε4/ε4	77	F	18	AD	Batch3
AD_089_S21	ε3/ε4	67	F	3	AD	Batch3
AD_092_S22	ε3/ε4	73	M	24	AD	Batch3
AD_104_S25	ε4/ε4	76	M	11	AD	Batch3
AD_105_S26	ε3/ε4	85	M	25	AD	Batch3
AD_106_S27	ε3/ε3	87	M	8	AD	Batch3
AD_107_S28	ε4/ε4	81	M	15	AD	Batch3
AD_108_S29	ε3/ε3	63	F	25	AD	Batch3
AD_111_S30	ε3/ε3	76	M	25	AD	Batch3
AD_115_S31	ε3/ε3	71	F	25	AD	Batch3
AD_125_S34	ε3/ε3	71	F	24	AD	Batch3
AD_144_S37	ε3/ε3	76	F	24	AD	Batch3
AD_160_S43	ε3/ε3	73	F	26	AD	Batch3
AD_166_S44	ε3/ε4	78	F	23	AD	Batch3
AD_181_S45	ε3/ε3	83	F	22	AD	Batch3
AD_201_S47	ε4/ε4	58	M	10	AD	Batch3
AD_202_S48	ε3/ε3	63	M	3	AD	Batch3
AD_203_S49	ε3/ε3	76	F	5	AD	Batch3
AD_205_S50	ε3/ε4	86	M	25	AD	Batch3
AD_210_S52	ε4/ε4	58	F	25	AD	Batch3
AD_214_S53	ε3/ε3	81	F	24	AD	Batch3
AD_224_S56	ε4/ε4	68	F	14	AD	Batch3
AD_236_S62	ε3/ε3	73	F	28	AD	Batch3
AD_242_S63	ε3/ε3	75	F	24	AD	Batch3
AD_244_S65	ε3/ε3	63	F	24	AD	Batch3
AD_249_S66	ε3/ε3	75	F	23	AD	Batch3
AD_256_S68	ε4/ε4	68	F	19	AD	Batch3
AD_260_S69	ε3/ε3	87	F	4	AD	Batch3
AD_281_S74	ε4/ε4	72	F	17	AD	Batch3
AD_284_S75	ε4/ε4	74	F	21	AD	Batch3
AD_285_S76	ε3/ε3	87	F	24	AD	Batch3
AD_291_S77	ε3/ε4	82	F	7	AD	Batch3
AD_293_S79	ε4/ε4	76	F	14	AD	Batch3
AD_303_S81	ε3/ε3	73	F	9	AD	Batch3
CTRL_007_S83	ε3/ε3	71	F	NA	CTRL	Batch3
CTRL_025_S84	ε3/ε3	68	F	NA	CTRL	Batch3
CTRL_054_S86	ε3/ε3	80	F	NA	CTRL	Batch3
CTRL_083_S88	ε3/ε3	65	F	NA	CTRL	Batch3
CTRL_178_S93	ε3/ε3	65	F	NA	CTRL	Batch3
CTRL_232_S95	ε3/ε3	66	M	NA	CTRL	Batch3
CTRL_251_S96	ε3/ε4	76	F	NA	CTRL	Batch3
RESEARCH_01_S84	ε3/ε3	79.36	M	NA	AD	Batch4
RESEARCH_02_S85	ε3/ε3	81.21	M	NA	AD	Batch4
RESEARCH_03_S86	ε3/ε3	101.76	F	NA	AD	Batch4
RESEARCH_04_S87	ε3/ε4	96.42	M	NA	AD	Batch4
RESEARCH_05_S88	ε3/ε3	88.62	M	NA	CTRL	Batch4
RESEARCH_06_S89	ε3/ε4	86.05	F	NA	AD	Batch4
RESEARCH_07_S90	ε3/ε3	84.48	M	NA	CTRL	Batch4
RESEARCH_08_S91	ε3/ε3	81.1	F	NA	AD	Batch4
RESEARCH_09_S92	ε3/ε3	80.37	F	NA	CTRL	Batch4
RESEARCH_10_S93	ε3/ε3	80.42	F	NA	CTRL	Batch4
RESEARCH_11_S94	ε3/ε3	80.94	F	NA	CTRL	Batch4
RESEARCH_12_S95	ε3/ε4	81.17	F	NA	CTRL	Batch4
RESEARCH_13_S96	ε3/ε4	80.6	F	NA	CTRL	Batch4
RESEARCH_14_S97	ε3/ε3	80.1	F	NA	CTRL	Batch4
RESEARCH_15_S98	ε3/ε3	79.24	F	NA	AD	Batch4
RESEARCH_16_S99	ε3/ε3	79.65	M	NA	CTRL	Batch4
RESEARCH_17_S100	ε3/ε3	78.07	F	NA	CTRL	Batch4
RESEARCH_18_S101	ε3/ε4	78.23	M	NA	AD	Batch4
RESEARCH_19_S102	ε3/ε4	78.25	F	NA	AD	Batch4
RESEARCH_20_S103	ε3/ε3	77.07	F	NA	CTRL	Batch4
RESEARCH_21_S104	ε3/ε4	77.63	M	NA	CTRL	Batch4
RESEARCH_22_S105	ε3/ε3	77.53	M	NA	CTRL	Batch4
RESEARCH_23_S106	ε3/ε4	77.61	F	NA	AD	Batch4
RESEARCH_24_S107	ε3/ε3	77.79	F	NA	CTRL	Batch4
RESEARCH_25_S108	ε3/ε3	76.65	F	NA	CTRL	Batch4
RESEARCH_26_S109	ε3/ε3	76.39	F	NA	CTRL	Batch4
RESEARCH_27_S110	ε3/ε3	76.22	F	NA	CTRL	Batch4
RESEARCH_28_S111	ε3/ε4	76.73	F	NA	CTRL	Batch4
RESEARCH_29_S112	ε3/ε3	75.51	F	NA	CTRL	Batch4
RESEARCH_30_S113	ε3/ε3	75.83	F	NA	CTRL	Batch4
RESEARCH_31_S114	ε3/ε3	75.95	F	NA	CTRL	Batch4
RESEARCH_32_S115	ε3/ε4	75.49	F	NA	CTRL	Batch4
RESEARCH_33_S116	ε3/ε3	75.11	M	NA	CTRL	Batch4
RESEARCH_34_S117	ε3/ε3	74.59	F	NA	CTRL	Batch4
RESEARCH_35_S118	ε3/ε4	74.68	F	NA	CTRL	Batch4
RESEARCH_36_S119	ε3/ε3	74.3	M	NA	CTRL	Batch4
RESEARCH_37_S120	ε3/ε3	73.58	F	NA	CTRL	Batch4
RESEARCH_38_S121	ε3/ε3	73.94	F	NA	CTRL	Batch4
RESEARCH_39_S122	ε3/ε4	73.93	M	NA	AD	Batch4
RESEARCH_40_S123	ε3/ε4	73.87	F	NA	CTRL	Batch4
RESEARCH_41_S124	ε3/ε4	73.36	M	NA	CTRL	Batch4
RESEARCH_42_S125	ε3/ε4	73.18	F	NA	CTRL	Batch4
RESEARCH_43_S126	ε3/ε3	73.57	F	NA	CTRL	Batch4
RESEARCH_44_S127	ε3/ε3	72.85	M	NA	AD	Batch4
RESEARCH_45_S128	ε3/ε3	71.61	F	NA	CTRL	Batch4
RESEARCH_46_S129	ε3/ε3	80	F	NA	CTRL	Batch4
RESEARCH_47_S130	ε3/ε4	76	M	NA	CTRL	Batch4
RESEARCH_48_S131	ε3/ε3	75	M	NA	AD	Batch4
RESEARCH_49_S132	ε3/ε3	74	M	NA	CTRL	Batch4
RESEARCH_50_S133	ε3/ε3	76	F	NA	CTRL	Batch4
RESEARCH_51_S134	ε3/ε4	72	F	NA	AD	Batch4
RESEARCH_52_S135	ε3/ε3	76	F	NA	CTRL	Batch4
RESEARCH_53_S136	ε3/ε3	80	F	NA	AD	Batch4
RESEARCH_54_S137	ε3/ε3	77	M	NA	AD	Batch4
RESEARCH_55_S138	ε3/ε3	76	M	NA	CTRL	Batch4
RESEARCH_56_S139	ε3/ε3	79	F	NA	CTRL	Batch4
RESEARCH_57_S140	ε3/ε3	73	M	NA	CTRL	Batch4
RESEARCH_58_S141	ε3/ε3	77	F	NA	CTRL	Batch4
RESEARCH_59_S142	ε3/ε3	76	F	NA	CTRL	Batch4
RESEARCH_60_S143	ε3/ε3	72	F	NA	CTRL	Batch4
RESEARCH_61_S144	ε3/ε3	74	M	NA	CTRL	Batch4
RESEARCH_62_S145	ε3/ε3	75	F	NA	AD	Batch4
RESEARCH_63_S146	ε3/ε3	81	F	NA	CTRL	Batch4
RESEARCH_64_S147	ε3/ε3	78	F	NA	CTRL	Batch4
RESEARCH_65_S148	ε3/ε3	75	M	NA	AD	Batch4
RESEARCH_66_S149	ε3/ε3	89	M	NA	AD	Batch4
RESEARCH_67_S150	ε3/ε3	84	F	NA	AD	Batch4
RESEARCH_68_S151	ε3/ε4	71	M	NA	CTRL	Batch4
RESEARCH_69_S152	ε3/ε3	78	M	NA	AD	Batch4
RESEARCH_70_S153	ε3/ε3	78	M	NA	CTRL	Batch4
RESEARCH_71_S154	ε3/ε4	81	F	NA	CTRL	Batch4
RESEARCH_72_S155	ε3/ε4	85	F	NA	CTRL	Batch4
RESEARCH_73_S156	ε3/ε3	88	F	NA	AD	Batch4
RESEARCH_74_S157	ε3/ε3	83	F	NA	CTRL	Batch4
RESEARCH_75_S158	ε3/ε4	78	F	NA	AD	Batch4
RESEARCH_76_S159	ε3/ε3	77	M	NA	CTRL	Batch4
RESEARCH_77_S160	ε3/ε4	80	F	NA	CTRL	Batch4
RESEARCH_78_S161	ε3/ε4	87	F	NA	AD	Batch4
RESEARCH_79_S162	ε3/ε3	80	F	NA	CTRL	Batch4
RESEARCH_80_S163	ε3/ε4	75	F	NA	CTRL	Batch4
RESEARCH_81_S164	ε3/ε3	75	F	NA	CTRL	Batch4
RESEARCH_82_S165	ε3/ε3	75	F	NA	CTRL	Batch4
RESEARCH_83_S166	ε3/ε3	75	F	NA	CTRL	Batch4
RESEARCH_84_S167	ε3/ε4	71	M	NA	AD	Batch4
RESEARCH_85_S168	ε3/ε3	75	F	NA	CTRL	Batch4
RESEARCH_86_S169	ε3/ε3	77	M	NA	CTRL	Batch4
RESEARCH_87_S170	ε3/ε3	72	F	NA	AD	Batch4
RESEARCH_88_S171	ε3/ε3	70	M	NA	AD	Batch4
RESEARCH_89_S172	ε3/ε3	79	M	NA	CTRL	Batch4
RESEARCH_90_S173	ε3/ε4	76	F	NA	AD	Batch4
RESEARCH_91_S174	ε3/ε3	74	M	NA	CTRL	Batch4
RESEARCH_92_S175	ε3/ε3	77	F	NA	CTRL	Batch4
RESEARCH_93_S176	ε3/ε3	78	M	NA	CTRL	Batch4
RESEARCH_94_S177	ε3/ε4	79	F	NA	AD	Batch4
RESEARCH_95_S178	ε3/ε3	83	M	NA	CTRL	Batch4
RESEARCH_96_S179	ε3/ε3	101	F	NA	CTRL	Batch4
