StudyID	APOE	Age	AddAge
C_001	ュ3/ュ3	100 	100
C_002	ュ2/ュ3	101 	101
C_003	ュ3/ュ3	.	late90
C_004	.	115 	115
C_005	ュ3/ュ3	101 	101
C_006	ュ3/ュ3	103 	103
C_007	ュ3/ュ3	102 	102
C_008	ュ3/ュ3	103 	103
C_009	ュ3/ュ3	103	103
C_010	ュ3/ュ4	100 	100
C_011	ュ3/ュ3	101 	101
C_012	ュ3/ュ3	101 	101
C_013	ュ3/ュ3	103	103
C_014	ュ3/ュ3	101 	101
C_015	ュ3/ュ3	103 	103
C_016	.	.	late90
C_017	ュ3/ュ3	.	93
C_018	ュ3/ュ3	103 	103
C_019	ュ3/ュ3	109 	109
C_020	.	.	102
C_021	.	103 	103
C_022	ュ3/ュ3	102 	102
C_023	ュ3/ュ4	100 	100
C_024	ュ3/ュ4	102 	102
C_025	ュ3/ュ4	100 	100
C_026	ュ3/ュ4	99	99
C_027	ュ3/ュ3	100	100
C_028	ュ3/ュ3	102 	102
C_029	ュ3/ュ3	100 	100
C_030	ュ3/ュ3	114 	114
C_031	ュ3/ュ3	100 	100
C_032	ュ3/ュ3	104 	104
C_033	ュ3/ュ4	.	92
C_034	ュ3/ュ3	106 	106
C_035	ュ3/ュ3	103 	103
C_036	ュ3/ュ4	.	90
C_037	ュ3/ュ4	104 	104
C_038	ュ3/ュ3	.	late90
C_039	ュ3/ュ3	.	98
C_040	ュ3/ュ4	102 	102
C_041	ュ3/ュ3	104 	104
C_042	.	102 	102
C_043	.	103 	103
C_044	ュ3/ュ3	101 	101
C_045	ュ3/ュ3	104 	104
C_046	ュ3/ュ3	103 	103
C_047	ュ3/ュ3	103 	103
C_048	ュ3/ュ3	100 	100
C_049	ュ3/ュ3	.	late90
C_050	ュ3/ュ3	105 	105
C_051	ュ3/ュ3	100 	100
C_052	ュ3/ュ3	101 	101
C_053	ュ3/ュ3	100 	100
C_054	.	.	93
C_055	.	106 	106
C_056	ュ3/ュ3	101 	101
C_057	ュ3/ュ3	103 	103
C_058	ュ3/ュ4	101 	101
C_059	ュ3/ュ3	102 	102
C_060	ュ3/ュ4	100 	100
C_061	ュ3/ュ3	.	95
C_062	ュ2/ュ3	102 	102
C_063	ュ3/ュ4	103 	103
C_064	ュ3/ュ3	102 	102
C_065	ュ3/ュ3	.	92
C_066	ュ3/ュ3	104 	104
C_067	ュ3/ュ3	101 	101
C_068	ュ2/ュ3	100 	100
C_069	ュ3/ュ4	101 	101
C_070	ュ3/ュ3	100 	100
C_071	.	100 	100
C_072	ュ3/ュ3	104 	104
C_073	ュ3/ュ3	100 	100
C_074	ュ3/ュ3	106 	106
C_075	ュ3/ュ3	101 	101
C_076	ュ3/ュ3	105	105
C_077	.	.	late90
C_078	ュ3/ュ3	103	103
C_079	.	105 	105
C_080	ュ2/ュ3	101 	101
C_081	.	101 	101
C_082	ュ3/ュ3	101 	101
C_083	ュ3/ュ3	103 	103
C_084	.	101 	101
C_085	ュ3/ュ3	103 	103
C_086	ュ3/ュ3	102 	102
C_087	ュ3/ュ3	102 	102
C_088	ュ3/ュ3	105 	105
C_089	ュ3/ュ3	101 	101
C_090	ュ2/ュ3	.	93
C_091	ュ3/ュ3	102 	102
C_092	ュ3/ュ3	106 	106
C_093	ュ3/ュ3	.	late90
C_094	ュ3/ュ3	101 	101
C_095	ュ3/ュ3	103 	103
C_096	ュ3/ュ3	102 	102
C_097	ュ3/ュ3	.	late90
C_098	ュ3/ュ3	.	94
C_099	ュ3/ュ3	101 	101
C_100	ュ3/ュ3	108 	108
C_101	ュ3/ュ3	.	95
C_102	ュ3/ュ3	100 	100
C_103	ュ3/ュ3	99	99
C_104	ュ2/ュ3	110 	110
C_105	ュ2/ュ3	101 	101
C_106	ュ3/ュ3	101 	101
C_107	ュ3/ュ3	100 	100
C_108	ュ3/ュ3	104 	104
C_109	ュ3/ュ3	101 	101
C_110	ュ3/ュ3	103 	103
C_111	ュ2/ュ3	102 	102
C_112	ュ3/ュ3	.	late90
C_113	ュ3/ュ3	102 	102
C_114	.	103 	103
C_115	ュ3/ュ4	101 	101
C_116	ュ3/ュ3	101 	101
C_117	ュ3/ュ3	102 	102
C_118	.	100 	100
C_119	ュ3/ュ3	101 	101
C_120	ュ3/ュ3	.	63
C_121	ュ3/ュ3	103 	103
