finalBam/AD_002_S66.final.coverageBed	461.322
finalBam/AD_003_S67.final.coverageBed	204.71
finalBam/AD_005_S68.final.coverageBed	589.365
finalBam/AD_010_S69.final.coverageBed	320.335
finalBam/AD_011_S70.final.coverageBed	273.975
finalBam/AD_013_S71.final.coverageBed	372.121
finalBam/AD_014_S72.final.coverageBed	300.423
finalBam/AD_016_S73.final.coverageBed	95.6994
finalBam/AD_019_S74.final.coverageBed	424.668
finalBam/AD_020_S75.final.coverageBed	221.372
finalBam/AD_022_S76.final.coverageBed	306.952
finalBam/AD_023_S77.final.coverageBed	653.031
finalBam/AD_024_S78.final.coverageBed	369.134
finalBam/AD_028_S79.final.coverageBed	432.987
finalBam/AD_030_S80.final.coverageBed	285.612
finalBam/AD_031_S81.final.coverageBed	361.836
finalBam/AD_033_S82.final.coverageBed	724.904
finalBam/AD_034_S83.final.coverageBed	358.584
finalBam/AD_035_S84.final.coverageBed	201.467
finalBam/AD_036_S85.final.coverageBed	269.151
finalBam/AD_038_S86.final.coverageBed	362.551
finalBam/AD_039_S25.final.coverageBed	320.239
finalBam/AD_040_S87.final.coverageBed	512.541
finalBam/AD_041_S88.final.coverageBed	374.881
finalBam/AD_044_S89.final.coverageBed	407.588
finalBam/AD_046_S90.final.coverageBed	135.644
finalBam/AD_047_S91.final.coverageBed	530.717
finalBam/AD_048_S92.final.coverageBed	264.55
finalBam/AD_049_S93.final.coverageBed	260.869
finalBam/AD_050_S26.final.coverageBed	396.933
finalBam/AD_053_S94.final.coverageBed	419.564
finalBam/AD_055_S95.final.coverageBed	297.468
finalBam/AD_058_S96.final.coverageBed	331.082
finalBam/AD_059_S27.final.coverageBed	301.049
finalBam/AD_061_S97.final.coverageBed	555.021
finalBam/AD_063_S98.final.coverageBed	411.75
finalBam/AD_064_S99.final.coverageBed	148.874
finalBam/AD_067_S100.final.coverageBed	689.905
finalBam/AD_069_S101.final.coverageBed	368.284
finalBam/AD_072_S102.final.coverageBed	409.327
finalBam/AD_076_S103.final.coverageBed	249.328
finalBam/AD_077_S104.final.coverageBed	494.339
finalBam/AD_078_S105.final.coverageBed	357.444
finalBam/AD_079_S106.final.coverageBed	279.024
finalBam/AD_082_S107.final.coverageBed	300.513
finalBam/AD_084_S108.final.coverageBed	230.121
finalBam/AD_087_S109.final.coverageBed	397.733
finalBam/AD_088_S110.final.coverageBed	241.231
finalBam/AD_091_S111.final.coverageBed	282.973
finalBam/AD_094_S112.final.coverageBed	109.9
finalBam/AD_098_S113.final.coverageBed	335.504
finalBam/AD_099_S114.final.coverageBed	303.54
finalBam/AD_101_S115.final.coverageBed	436.307
finalBam/AD_102_S116.final.coverageBed	87.7153
finalBam/AD_103_S117.final.coverageBed	221.048
finalBam/AD_110_S118.final.coverageBed	423.325
finalBam/AD_112_S119.final.coverageBed	279.236
finalBam/AD_113_S120.final.coverageBed	242.117
finalBam/AD_119_S121.final.coverageBed	200.982
finalBam/AD_123_S122.final.coverageBed	574.634
finalBam/AD_127_S123.final.coverageBed	339.779
finalBam/AD_128_S124.final.coverageBed	335.296
finalBam/AD_129_S125.final.coverageBed	418.155
finalBam/AD_130_S126.final.coverageBed	206.528
finalBam/AD_131_S127.final.coverageBed	330.314
finalBam/AD_133_S128.final.coverageBed	345.315
finalBam/AD_134_S129.final.coverageBed	228.386
finalBam/AD_135_S130.final.coverageBed	693.156
finalBam/AD_136_S131.final.coverageBed	306.626
finalBam/AD_138_S132.final.coverageBed	265.894
finalBam/AD_141_S133.final.coverageBed	210.707
finalBam/AD_143_S134.final.coverageBed	317.529
finalBam/AD_150_S135.final.coverageBed	382.723
finalBam/AD_151_S136.final.coverageBed	261.79
finalBam/AD_152_S137.final.coverageBed	217.357
finalBam/AD_153_S138.final.coverageBed	487.687
finalBam/AD_161_S139.final.coverageBed	433.767
finalBam/AD_162_S140.final.coverageBed	302.306
finalBam/AD_163_S141.final.coverageBed	266.184
finalBam/AD_164_S142.final.coverageBed	360.324
finalBam/AD_168_S28.final.coverageBed	182.671
finalBam/AD_169_S144.final.coverageBed	197.884
finalBam/AD_171_S145.final.coverageBed	343.206
finalBam/AD_172_S29.final.coverageBed	351.817
finalBam/AD_173_S146.final.coverageBed	442.326
finalBam/AD_175_S147.final.coverageBed	285.342
finalBam/AD_177_S148.final.coverageBed	315.791
finalBam/AD_179_S149.final.coverageBed	188.231
finalBam/AD_180_S150.final.coverageBed	288.539
finalBam/AD_182_S30.final.coverageBed	382.973
finalBam/AD_183_S151.final.coverageBed	501.563
finalBam/AD_185_S152.final.coverageBed	257.349
finalBam/AD_186_S153.final.coverageBed	252.283
finalBam/AD_187_S154.final.coverageBed	68.904
finalBam/AD_189_S155.final.coverageBed	171.227
finalBam/AD_192_S156.final.coverageBed	398.298
finalBam/AD_193_S157.final.coverageBed	320.692
finalBam/AD_195_S158.final.coverageBed	397.171
finalBam/AD_197_S159.final.coverageBed	296.814
finalBam/AD_198_S160.final.coverageBed	487.361
finalBam/AD_199_S161.final.coverageBed	484.628
finalBam/AD_204_S162.final.coverageBed	271.026
finalBam/AD_206_S163.final.coverageBed	198.886
finalBam/AD_209_S164.final.coverageBed	299.656
finalBam/AD_211_S165.final.coverageBed	449.782
finalBam/AD_213_S166.final.coverageBed	420.076
finalBam/AD_216_S167.final.coverageBed	572.432
finalBam/AD_219_S168.final.coverageBed	217.665
finalBam/AD_220_S169.final.coverageBed	446.995
finalBam/AD_221_S170.final.coverageBed	674.165
finalBam/AD_222_S171.final.coverageBed	515.983
finalBam/AD_225_S172.final.coverageBed	276.403
finalBam/AD_227_S173.final.coverageBed	230.96
finalBam/AD_231_S174.final.coverageBed	306.855
finalBam/AD_232_S175.final.coverageBed	313.442
finalBam/AD_238_S176.final.coverageBed	454.384
finalBam/AD_239_S177.final.coverageBed	563.438
finalBam/AD_240_S178.final.coverageBed	64.6757
finalBam/AD_241_S31.final.coverageBed	257.334
finalBam/AD_247_S179.final.coverageBed	411.318
finalBam/AD_251_S180.final.coverageBed	571.697
finalBam/AD_252_S181.final.coverageBed	415.394
finalBam/AD_253_S182.final.coverageBed	404.772
finalBam/AD_257_S183.final.coverageBed	882.249
finalBam/AD_258_S184.final.coverageBed	524.316
finalBam/AD_259_S185.final.coverageBed	492.144
finalBam/AD_261_S186.final.coverageBed	345.622
finalBam/AD_264_S187.final.coverageBed	320.095
finalBam/AD_265_S1.final.coverageBed	399.113
finalBam/AD_266_S2.final.coverageBed	680.621
finalBam/AD_267_S3.final.coverageBed	436.115
finalBam/AD_268_S4.final.coverageBed	306.429
finalBam/AD_269_S5.final.coverageBed	275.013
finalBam/AD_270_S6.final.coverageBed	144.167
finalBam/AD_271_S7.final.coverageBed	448.176
finalBam/AD_272_S8.final.coverageBed	307.674
finalBam/AD_273_S9.final.coverageBed	339.115
finalBam/AD_274_S10.final.coverageBed	331.702
finalBam/AD_275_S11.final.coverageBed	493.029
finalBam/AD_282_S12.final.coverageBed	368.14
finalBam/AD_286_S13.final.coverageBed	457.816
finalBam/AD_287_S32.final.coverageBed	428.662
finalBam/AD_288_S14.final.coverageBed	725.003
finalBam/AD_289_S15.final.coverageBed	360.578
finalBam/AD_290_S16.final.coverageBed	428.555
finalBam/AD_294_S143.final.coverageBed	165.091
finalBam/AD_295_S17.final.coverageBed	480.939
finalBam/AD_297_S18.final.coverageBed	400.156
finalBam/AD_298_S19.final.coverageBed	420.502
finalBam/AD_300_S33.final.coverageBed	261.807
finalBam/AD_305_S20.final.coverageBed	443.673
finalBam/AD_306_S21.final.coverageBed	155.515
finalBam/AD_309_S34.final.coverageBed	246.064
finalBam/AD_310_S22.final.coverageBed	524.128
finalBam/AD_312_S23.final.coverageBed	339.6
finalBam/AD_313_S35.final.coverageBed	273.111
finalBam/AD_314_S24.final.coverageBed	251.028
finalBam/C_001_S1.final.coverageBed	426.6
finalBam/C_003_S2.final.coverageBed	478.454
finalBam/C_005_S3.final.coverageBed	353.177
finalBam/C_009_S4.final.coverageBed	411.713
finalBam/C_011_S5.final.coverageBed	544.004
finalBam/C_012_S6.final.coverageBed	271.601
finalBam/C_013_S7.final.coverageBed	302.359
finalBam/C_014_S8.final.coverageBed	328.02
finalBam/C_018_S9.final.coverageBed	328.976
finalBam/C_022_S10.final.coverageBed	468.959
finalBam/C_023_S11.final.coverageBed	317.212
finalBam/C_024_S12.final.coverageBed	453.121
finalBam/C_025_S13.final.coverageBed	281.197
finalBam/C_026_S14.final.coverageBed	256.049
finalBam/C_028_S15.final.coverageBed	199.721
finalBam/C_029_S16.final.coverageBed	506.74
finalBam/C_031_S17.final.coverageBed	430.151
finalBam/C_032_S18.final.coverageBed	699.685
finalBam/C_033_S19.final.coverageBed	235.839
finalBam/C_035_S20.final.coverageBed	271.482
finalBam/C_037_S21.final.coverageBed	163.924
finalBam/C_039_S22.final.coverageBed	331.415
finalBam/C_040_S23.final.coverageBed	204.534
finalBam/C_041_S24.final.coverageBed	238.726
finalBam/C_044_S25.final.coverageBed	65.9354
finalBam/C_045_S26.final.coverageBed	112.989
finalBam/C_046_S27.final.coverageBed	298.177
finalBam/C_047_S28.final.coverageBed	432.34
finalBam/C_048_S29.final.coverageBed	303.676
finalBam/C_049_S30.final.coverageBed	400.763
finalBam/C_050_S31.final.coverageBed	215.743
finalBam/C_051_S32.final.coverageBed	372.093
finalBam/C_052_S33.final.coverageBed	357.657
finalBam/C_053_S34.final.coverageBed	451.246
finalBam/C_056_S35.final.coverageBed	474.848
finalBam/C_057_S36.final.coverageBed	819.394
finalBam/C_058_S37.final.coverageBed	342.903
finalBam/C_063_S38.final.coverageBed	558.368
finalBam/C_064_S39.final.coverageBed	178.244
finalBam/C_065_S40.final.coverageBed	799.643
finalBam/C_066_S41.final.coverageBed	331.202
finalBam/C_069_S42.final.coverageBed	436.172
finalBam/C_070_S43.final.coverageBed	455.4
finalBam/C_072_S44.final.coverageBed	403.809
finalBam/C_073_S45.final.coverageBed	300.702
finalBam/C_075_S46.final.coverageBed	940.014
finalBam/C_076_S47.final.coverageBed	390.316
finalBam/C_078_S48.final.coverageBed	406.819
finalBam/C_082_S49.final.coverageBed	473.281
finalBam/C_086_S50.final.coverageBed	252.156
finalBam/C_089_S51.final.coverageBed	303.743
finalBam/C_091_S52.final.coverageBed	523.963
finalBam/C_093_S53.final.coverageBed	409.43
finalBam/C_094_S54.final.coverageBed	514.379
finalBam/C_096_S55.final.coverageBed	369.72
finalBam/C_097_S56.final.coverageBed	172.822
finalBam/C_099_S57.final.coverageBed	265.971
finalBam/C_102_S58.final.coverageBed	422.078
finalBam/C_107_S59.final.coverageBed	249.224
finalBam/C_108_S60.final.coverageBed	126.582
finalBam/C_110_S61.final.coverageBed	541.39
finalBam/C_112_S62.final.coverageBed	679.368
finalBam/C_115_S63.final.coverageBed	533.8
finalBam/C_119_S64.final.coverageBed	310.677
finalBam/C_121_S65.final.coverageBed	353.031
finalBam/CTRL_001_S36.final.coverageBed	448.607
finalBam/CTRL_004_S37.final.coverageBed	459.465
finalBam/CTRL_005_S38.final.coverageBed	825.823
finalBam/CTRL_009_S39.final.coverageBed	406.647
finalBam/CTRL_010_S40.final.coverageBed	387.089
finalBam/CTRL_012_S41.final.coverageBed	311.435
finalBam/CTRL_013_S42.final.coverageBed	365.242
finalBam/CTRL_015_S43.final.coverageBed	302.281
finalBam/CTRL_016_S44.final.coverageBed	338.214
finalBam/CTRL_017_S45.final.coverageBed	337.33
finalBam/CTRL_019_S46.final.coverageBed	733.64
finalBam/CTRL_020_S47.final.coverageBed	407.131
finalBam/CTRL_023_S48.final.coverageBed	394.948
finalBam/CTRL_024_S49.final.coverageBed	364.479
finalBam/CTRL_027_S50.final.coverageBed	493.258
finalBam/CTRL_029_S51.final.coverageBed	398.324
finalBam/CTRL_030_S52.final.coverageBed	300.643
finalBam/CTRL_031_S53.final.coverageBed	236.163
finalBam/CTRL_035_S54.final.coverageBed	377.864
finalBam/CTRL_037_S55.final.coverageBed	471.592
finalBam/CTRL_038_S56.final.coverageBed	327.961
finalBam/CTRL_039_S57.final.coverageBed	369.747
finalBam/CTRL_040_S58.final.coverageBed	593.066
finalBam/CTRL_041_S59.final.coverageBed	441.225
finalBam/CTRL_042_S60.final.coverageBed	445.294
finalBam/CTRL_045_S61.final.coverageBed	482.445
finalBam/CTRL_047_S62.final.coverageBed	486.544
finalBam/CTRL_048_S63.final.coverageBed	391.919
finalBam/CTRL_049_S64.final.coverageBed	290.918
finalBam/CTRL_050_S65.final.coverageBed	434.179
finalBam/CTRL_051_S66.final.coverageBed	377.43
finalBam/CTRL_052_S67.final.coverageBed	282.106
finalBam/CTRL_053_S68.final.coverageBed	418.732
finalBam/CTRL_055_S69.final.coverageBed	605.906
finalBam/CTRL_056_S70.final.coverageBed	511.989
finalBam/CTRL_059_S71.final.coverageBed	277.932
finalBam/CTRL_062_S72.final.coverageBed	374.467
finalBam/CTRL_063_S73.final.coverageBed	389.433
finalBam/CTRL_064_S74.final.coverageBed	379.476
finalBam/CTRL_065_S75.final.coverageBed	388.946
finalBam/CTRL_066_S76.final.coverageBed	396.822
finalBam/CTRL_067_S77.final.coverageBed	285.571
finalBam/CTRL_068_S78.final.coverageBed	354.252
finalBam/CTRL_070_S79.final.coverageBed	431.251
finalBam/CTRL_073_S80.final.coverageBed	248.323
finalBam/CTRL_079_S81.final.coverageBed	203.305
finalBam/CTRL_080_S82.final.coverageBed	465.212
finalBam/CTRL_081_S83.final.coverageBed	506.411
finalBam/CTRL_084_S84.final.coverageBed	350
finalBam/CTRL_085_S85.final.coverageBed	233.189
finalBam/CTRL_087_S86.final.coverageBed	169.399
finalBam/CTRL_088_S87.final.coverageBed	225.383
finalBam/CTRL_089_S88.final.coverageBed	265.713
finalBam/CTRL_092_S89.final.coverageBed	399.185
finalBam/CTRL_097_S90.final.coverageBed	488.476
finalBam/CTRL_098_S91.final.coverageBed	350.672
finalBam/CTRL_100_S92.final.coverageBed	341.839
finalBam/CTRL_101_S93.final.coverageBed	409.884
finalBam/CTRL_103_S94.final.coverageBed	372.789
finalBam/CTRL_104_S95.final.coverageBed	589.173
finalBam/CTRL_105_S96.final.coverageBed	354.807
finalBam/CTRL_107_S97.final.coverageBed	348.099
finalBam/CTRL_108_S98.final.coverageBed	302.648
finalBam/CTRL_109_S99.final.coverageBed	535.666
finalBam/CTRL_113_S100.final.coverageBed	370.402
finalBam/CTRL_114_S101.final.coverageBed	188.589
finalBam/CTRL_115_S102.final.coverageBed	824.173
finalBam/CTRL_116_S103.final.coverageBed	310.549
finalBam/CTRL_117_S104.final.coverageBed	350.082
finalBam/CTRL_118_S105.final.coverageBed	395.444
finalBam/CTRL_120_S106.final.coverageBed	320
finalBam/CTRL_121_S107.final.coverageBed	649.707
finalBam/CTRL_122_S108.final.coverageBed	270.749
finalBam/CTRL_123_S109.final.coverageBed	415.691
finalBam/CTRL_125_S110.final.coverageBed	314.441
finalBam/CTRL_126_S111.final.coverageBed	586.775
finalBam/CTRL_127_S112.final.coverageBed	383.417
finalBam/CTRL_128_S113.final.coverageBed	335.428
finalBam/CTRL_130_S114.final.coverageBed	177.155
finalBam/CTRL_131_S115.final.coverageBed	376.291
finalBam/CTRL_132_S116.final.coverageBed	333.82
finalBam/CTRL_133_S117.final.coverageBed	363.23
finalBam/CTRL_134_S118.final.coverageBed	333.686
finalBam/CTRL_136_S119.final.coverageBed	230.309
finalBam/CTRL_137_S120.final.coverageBed	1187.34
finalBam/CTRL_138_S121.final.coverageBed	714.299
finalBam/CTRL_140_S122.final.coverageBed	396.428
finalBam/CTRL_141_S123.final.coverageBed	361.896
finalBam/CTRL_142_S124.final.coverageBed	1010.96
finalBam/CTRL_143_S125.final.coverageBed	351.365
finalBam/CTRL_144_S126.final.coverageBed	489.425
finalBam/CTRL_145_S127.final.coverageBed	226.966
finalBam/CTRL_146_S128.final.coverageBed	302.081
finalBam/CTRL_148_S129.final.coverageBed	349.59
finalBam/CTRL_153_S130.final.coverageBed	270.187
finalBam/CTRL_154_S131.final.coverageBed	286.582
finalBam/CTRL_155_S132.final.coverageBed	388.015
finalBam/CTRL_157_S133.final.coverageBed	528.228
finalBam/CTRL_158_S134.final.coverageBed	232.663
finalBam/CTRL_159_S135.final.coverageBed	341.925
finalBam/CTRL_161_S136.final.coverageBed	313.828
finalBam/CTRL_162_S137.final.coverageBed	429.858
finalBam/CTRL_163_S138.final.coverageBed	328.933
finalBam/CTRL_165_S139.final.coverageBed	281.592
finalBam/CTRL_166_S140.final.coverageBed	749.03
finalBam/CTRL_167_S141.final.coverageBed	202.146
finalBam/CTRL_168_S142.final.coverageBed	248.681
finalBam/CTRL_169_S143.final.coverageBed	458.749
finalBam/CTRL_170_S144.final.coverageBed	403.155
finalBam/CTRL_171_S145.final.coverageBed	157.126
finalBam/CTRL_172_S146.final.coverageBed	260.283
finalBam/CTRL_173_S147.final.coverageBed	313.434
finalBam/CTRL_174_S148.final.coverageBed	315.006
finalBam/CTRL_175_S149.final.coverageBed	676.359
finalBam/CTRL_176_S150.final.coverageBed	317.883
finalBam/CTRL_177_S151.final.coverageBed	472.706
finalBam/CTRL_179_S152.final.coverageBed	246.146
finalBam/CTRL_180_S153.final.coverageBed	179.059
finalBam/CTRL_184_S154.final.coverageBed	412.689
finalBam/CTRL_185_S155.final.coverageBed	305.756
finalBam/CTRL_186_S156.final.coverageBed	306.308
finalBam/CTRL_187_S157.final.coverageBed	163.015
finalBam/CTRL_188_S158.final.coverageBed	1256.53
finalBam/CTRL_189_S159.final.coverageBed	312.514
finalBam/CTRL_191_S160.final.coverageBed	333.798
finalBam/CTRL_193_S161.final.coverageBed	559.259
finalBam/CTRL_194_S162.final.coverageBed	262.453
finalBam/CTRL_198_S163.final.coverageBed	151.794
finalBam/CTRL_199_S164.final.coverageBed	452.463
finalBam/CTRL_200_S165.final.coverageBed	363.925
finalBam/CTRL_202_S166.final.coverageBed	782.254
finalBam/CTRL_203_S167.final.coverageBed	1258.63
finalBam/CTRL_204_S168.final.coverageBed	454.952
finalBam/CTRL_206_S169.final.coverageBed	161.017
finalBam/CTRL_207_S170.final.coverageBed	201.128
finalBam/CTRL_208_S171.final.coverageBed	330.927
finalBam/CTRL_209_S172.final.coverageBed	578.009
finalBam/CTRL_212_S173.final.coverageBed	746.742
finalBam/CTRL_214_S174.final.coverageBed	1247.79
finalBam/CTRL_215_S175.final.coverageBed	193.885
finalBam/CTRL_217_S176.final.coverageBed	701.73
finalBam/CTRL_218_S177.final.coverageBed	464.567
finalBam/CTRL_220_S178.final.coverageBed	624.532
finalBam/CTRL_221_S179.final.coverageBed	407.396
finalBam/CTRL_222_S180.final.coverageBed	187.38
finalBam/CTRL_226_S181.final.coverageBed	264.201
finalBam/CTRL_227_S182.final.coverageBed	268.428
finalBam/CTRL_228_S183.final.coverageBed	438.545
finalBam/CTRL_230_S184.final.coverageBed	198.335
finalBam/CTRL_231_S185.final.coverageBed	927.928
finalBam/CTRL_233_S186.final.coverageBed	491.128
finalBam/CTRL_234_S187.final.coverageBed	448.049
finalBam/CTRL_235_S188.final.coverageBed	462.286
finalBam/CTRL_236_S189.final.coverageBed	116.15
finalBam/CTRL_237_S190.final.coverageBed	230.425
finalBam/CTRL_238_S191.final.coverageBed	324.855
finalBam/CTRL_239_S192.final.coverageBed	405.322
finalBam/CTRL_240_S193.final.coverageBed	152.847
finalBam/CTRL_241_S194.final.coverageBed	311.203
finalBam/CTRL_245_S195.final.coverageBed	978.712
finalBam/CTRL_247_S196.final.coverageBed	210.671
finalBam/CTRL_248_S197.final.coverageBed	594.561
