finalBam/RESEARCH_01_S84.final.coverageBed	425.62
finalBam/RESEARCH_02_S85.final.coverageBed	439.649
finalBam/RESEARCH_03_S86.final.coverageBed	720.647
finalBam/RESEARCH_04_S87.final.coverageBed	236.115
finalBam/RESEARCH_05_S88.final.coverageBed	440.442
finalBam/RESEARCH_06_S89.final.coverageBed	732.657
finalBam/RESEARCH_07_S90.final.coverageBed	653.58
finalBam/RESEARCH_08_S91.final.coverageBed	231.698
finalBam/RESEARCH_09_S92.final.coverageBed	593.671
finalBam/RESEARCH_10_S93.final.coverageBed	635.161
finalBam/RESEARCH_11_S94.final.coverageBed	285.659
finalBam/RESEARCH_12_S95.final.coverageBed	665.592
finalBam/RESEARCH_13_S96.final.coverageBed	632.101
finalBam/RESEARCH_14_S97.final.coverageBed	532.519
finalBam/RESEARCH_15_S98.final.coverageBed	613.99
finalBam/RESEARCH_16_S99.final.coverageBed	498.724
finalBam/RESEARCH_17_S100.final.coverageBed	246.179
finalBam/RESEARCH_18_S101.final.coverageBed	272.855
finalBam/RESEARCH_19_S102.final.coverageBed	604.396
finalBam/RESEARCH_20_S103.final.coverageBed	427.87
finalBam/RESEARCH_21_S104.final.coverageBed	387.7
finalBam/RESEARCH_22_S105.final.coverageBed	455.416
finalBam/RESEARCH_23_S106.final.coverageBed	222.14
finalBam/RESEARCH_24_S107.final.coverageBed	223.995
finalBam/RESEARCH_25_S108.final.coverageBed	374.364
finalBam/RESEARCH_26_S109.final.coverageBed	279.94
finalBam/RESEARCH_27_S110.final.coverageBed	304.032
finalBam/RESEARCH_28_S111.final.coverageBed	651.794
finalBam/RESEARCH_29_S112.final.coverageBed	687.263
finalBam/RESEARCH_30_S113.final.coverageBed	489.815
finalBam/RESEARCH_31_S114.final.coverageBed	410.097
finalBam/RESEARCH_32_S115.final.coverageBed	246.735
finalBam/RESEARCH_33_S116.final.coverageBed	665.646
finalBam/RESEARCH_34_S117.final.coverageBed	194.558
finalBam/RESEARCH_35_S118.final.coverageBed	347.946
finalBam/RESEARCH_36_S119.final.coverageBed	373.007
finalBam/RESEARCH_37_S120.final.coverageBed	499.363
finalBam/RESEARCH_38_S121.final.coverageBed	808.652
finalBam/RESEARCH_39_S122.final.coverageBed	573.142
finalBam/RESEARCH_40_S123.final.coverageBed	341.799
finalBam/RESEARCH_41_S124.final.coverageBed	605.084
finalBam/RESEARCH_42_S125.final.coverageBed	551.183
finalBam/RESEARCH_43_S126.final.coverageBed	510.183
finalBam/RESEARCH_44_S127.final.coverageBed	428.193
finalBam/RESEARCH_45_S128.final.coverageBed	495.045
finalBam/RESEARCH_46_S129.final.coverageBed	562.859
finalBam/RESEARCH_47_S130.final.coverageBed	387.378
finalBam/RESEARCH_48_S131.final.coverageBed	216.457
finalBam/RESEARCH_49_S132.final.coverageBed	202.874
finalBam/RESEARCH_50_S133.final.coverageBed	559.777
finalBam/RESEARCH_51_S134.final.coverageBed	586.763
finalBam/RESEARCH_52_S135.final.coverageBed	446.989
finalBam/RESEARCH_53_S136.final.coverageBed	393.941
finalBam/RESEARCH_54_S137.final.coverageBed	462.565
finalBam/RESEARCH_55_S138.final.coverageBed	636.959
finalBam/RESEARCH_56_S139.final.coverageBed	420.97
finalBam/RESEARCH_57_S140.final.coverageBed	495.533
finalBam/RESEARCH_58_S141.final.coverageBed	375.7
finalBam/RESEARCH_59_S142.final.coverageBed	330.873
finalBam/RESEARCH_60_S143.final.coverageBed	554.679
finalBam/RESEARCH_61_S144.final.coverageBed	584.311
finalBam/RESEARCH_62_S145.final.coverageBed	619.832
finalBam/RESEARCH_63_S146.final.coverageBed	661.959
finalBam/RESEARCH_64_S147.final.coverageBed	493.536
finalBam/RESEARCH_65_S148.final.coverageBed	625.103
finalBam/RESEARCH_66_S149.final.coverageBed	559.339
finalBam/RESEARCH_67_S150.final.coverageBed	468.536
finalBam/RESEARCH_68_S151.final.coverageBed	527.237
finalBam/RESEARCH_69_S152.final.coverageBed	346.019
finalBam/RESEARCH_70_S153.final.coverageBed	290.965
finalBam/RESEARCH_71_S154.final.coverageBed	125.069
finalBam/RESEARCH_72_S155.final.coverageBed	559.096
finalBam/RESEARCH_73_S156.final.coverageBed	621.15
finalBam/RESEARCH_74_S157.final.coverageBed	440.529
finalBam/RESEARCH_75_S158.final.coverageBed	509.103
finalBam/RESEARCH_76_S159.final.coverageBed	536.468
finalBam/RESEARCH_77_S160.final.coverageBed	564.496
finalBam/RESEARCH_78_S161.final.coverageBed	606.139
finalBam/RESEARCH_79_S162.final.coverageBed	447.081
finalBam/RESEARCH_80_S163.final.coverageBed	222.703
finalBam/RESEARCH_81_S164.final.coverageBed	509.469
finalBam/RESEARCH_82_S165.final.coverageBed	630.024
finalBam/RESEARCH_83_S166.final.coverageBed	535.412
finalBam/RESEARCH_84_S167.final.coverageBed	504.415
finalBam/RESEARCH_85_S168.final.coverageBed	400.65
finalBam/RESEARCH_86_S169.final.coverageBed	439.214
finalBam/RESEARCH_87_S170.final.coverageBed	543.263
finalBam/RESEARCH_88_S171.final.coverageBed	587.77
finalBam/RESEARCH_89_S172.final.coverageBed	626.251
finalBam/RESEARCH_90_S173.final.coverageBed	592.494
finalBam/RESEARCH_91_S174.final.coverageBed	574.996
finalBam/RESEARCH_92_S175.final.coverageBed	612.712
finalBam/RESEARCH_93_S176.final.coverageBed	490.607
finalBam/RESEARCH_94_S177.final.coverageBed	396.113
finalBam/RESEARCH_95_S178.final.coverageBed	591.179
finalBam/RESEARCH_96_S179.final.coverageBed	515.797
